name;abbr;state;year;fips;vmt;fatalityrate;sb_useage;speed65;speed70;drinkage21;ba08;income;age;primary;secondary;l_income
Alaska;AK;1;1983;2;3358;0.044669446;NA;0;0;1;0;17973;28.23496628;0;0;9.796625911
Alaska;AK;1;1984;2;3589;0.037336305;NA;0;0;1;0;18093;28.3435421;0;0;9.803280402
Alaska;AK;1;1985;2;3840;0.033072915;NA;0;0;1;0;18925;28.37281609;0;0;9.848239078
Alaska;AK;1;1986;2;4008;0.025199601;NA;0;0;1;0;18466;28.39665222;0;0;9.823686482
Alaska;AK;1;1987;2;3900;0.01948718;NA;0;0;1;0;18021;28.45325089;0;0;9.799293024
Alaska;AK;1;1988;2;3841;0.02525384;NA;0;0;1;0;18447;28.85141945;0;0;9.822657035
Alaska;AK;1;1989;2;3887;0.021610497;NA;0;0;1;0;19970;29.14895439;0;0;9.901986426
Alaska;AK;1;1990;2;3979;0.024629304;0.449999988;0;0;1;0;21073;29.58628464;0;0;9.955747879
Alaska;AK;1;1991;2;4021;0.025118129;0.660000026;0;0;1;0;21496;29.82771111;0;1;9.97562215
Alaska;AK;1;1992;2;3841;0.028117677;0.660000026;1;0;1;0;22073;30.21069717;0;1;10.00211042
Alaska;AK;1;1993;2;3918;0.030117407;0.689999998;1;0;1;0;22711;30.46438599;0;1;10.03060467
Alaska;AK;1;1994;2;4150;0.020481927;0.689999998;1;0;1;0;23417;30.75657082;0;1;10.06121753
Alaska;AK;1;1995;2;4123;0.02110114;0.689999998;1;0;1;0;23971;31.1785965;0;1;10.08460005
Alaska;AK;1;1996;2;4115;0.019684082;0.689999998;1;0;1;0;24310;31.44535446;0;1;10.09864307
Alaska;AK;1;1997;2;4387;0.017551858;0.689999998;1;0;1;0;24969;31.60147476;0;1;10.12539033
Alabama;AL;2;1983;1;31032;0.029969065;NA;0;0;0;0;9505;34.20064545;0;0;9.159573255
Alabama;AL;2;1984;1;32961;0.028275842;0.129999995;0;0;0;0;10417;34.42163086;0;0;9.251194366
Alabama;AL;2;1985;1;35091;0.025134649;0.170000002;0;0;1;0;11133;34.60256958;0;0;9.31766895
Alabama;AL;2;1986;1;34003;0.031791311;0.289999992;0;0;1;0;11736;34.76067352;0;0;9.37041632
Alabama;AL;2;1987;1;37426;0.029685246;0.209999993;1;0;1;0;12394;34.95565796;0;0;9.424967764
Alabama;AL;2;1988;1;39684;0.025803851;0.289999992;1;0;1;0;13288;35.13695526;0;0;9.494616651
Alabama;AL;2;1989;1;40765;0.025242243;0.379999995;1;0;1;0;14266;35.32785797;0;0;9.565634363
Alabama;AL;2;1990;1;42347;0.026471769;0.439999998;1;0;1;0;15213;35.6229248;0;0;9.629905604
Alabama;AL;2;1991;1;42924;0.025999442;0.469999999;1;0;1;0;15895;35.68873596;0;0;9.673759873
Alabama;AL;2;1992;1;45762;0.02252961;0.579999983;1;0;1;0;16817;35.83261871;0;1;9.730145559
Alabama;AL;2;1993;1;47337;0.022054629;0.550000012;1;0;1;0;17398;35.94825363;0;1;9.764110536
Alabama;AL;2;1994;1;48956;0.022121906;0.550000012;1;0;1;0;18163;36.0920105;0;1;9.807141837
Alabama;AL;2;1995;1;50628;0.022003634;0.519999981;1;1;1;1;19041;36.2057457;0;1;9.854349828
Alabama;AL;2;1996;1;51433;0.022281414;0.540000022;1;1;1;1;19838;36.38513184;0;1;9.895354569
Alabama;AL;2;1997;1;53458;0.022297878;0.519999981;1;1;1;1;20672;36.50072098;0;1;9.936535407
Arkansas;AR;3;1983;5;16684;0.033385281;NA;0;0;1;0;9267;35.42213821;0;0;9.134214982
Arkansas;AR;3;1984;5;16621;0.031586547;NA;0;0;1;0;10263;35.56396484;0;0;9.236300474
Arkansas;AR;3;1985;5;17112;0.031206172;NA;0;0;1;0;10919;35.6919136;0;0;9.29825967
Arkansas;AR;3;1986;5;17555;0.034349188;0.197999999;0;0;1;0;11409;35.86726761;0;0;9.342157797
Arkansas;AR;3;1987;5;18306;0.034906589;NA;1;0;1;0;11842;36.00813293;0;0;9.379407813
Arkansas;AR;3;1988;5;19219;0.031739425;0.300999999;1;0;1;0;12637;36.14386749;0;0;9.444384298
Arkansas;AR;3;1989;5;20414;0.031693935;NA;1;0;1;0;13353;36.29208374;0;0;9.499496358
Arkansas;AR;3;1990;5;21011;0.028746847;0.340000004;1;0;1;0;14025;36.42568207;0;0;9.54859673
Arkansas;AR;3;1991;5;21934;0.027719522;0.519999981;1;0;1;0;14766;36.46631622;0;1;9.60008252
Arkansas;AR;3;1992;5;23081;0.0254755;0.550000012;1;0;1;0;15807;36.50569916;0;1;9.668208159
Arkansas;AR;3;1993;5;23995;0.024296729;0.550000012;1;0;1;0;16380;36.59257507;0;1;9.703816357
Arkansas;AR;3;1994;5;24948;0.024410775;0.509999991;1;0;1;0;17090;36.62239075;0;1;9.746248776
Arkansas;AR;3;1995;5;26653;0.023674633;0.509999991;1;0;1;0;17934;36.62849045;0;1;9.794453632
Arkansas;AR;3;1996;5;27840;0.022090517;0.479999989;1;0;1;0;18808;36.66523743;0;1;9.84203759
Arkansas;AR;3;1997;5;28144;0.023450824;0.479999989;1;0;1;0;19595;36.81757736;0;1;9.883029711
Arizona;AZ;4;1983;4;19611;0.034419458;NA;0;0;0;0;11277;34.11421967;0;0;9.330520532
Arizona;AZ;4;1984;4;20613;0.042157862;NA;0;0;1;0;12375;34.24707031;0;0;9.423433587
Arizona;AZ;4;1985;4;21580;0.041380908;NA;0;0;1;0;13280;34.33135986;0;0;9.494014423
Arizona;AZ;4;1986;4;22665;0.044429738;NA;0;0;1;0;13980;34.4753418;0;0;9.545383016
Arizona;AZ;4;1987;4;31729;0.029594377;NA;1;0;1;0;14631;34.54302597;0;0;9.590897844
Arizona;AZ;4;1988;4;34247;0.027564459;NA;1;0;1;0;15246;34.65613174;0;0;9.632072453
Arizona;AZ;4;1989;4;34816;0.025247013;NA;1;0;1;0;15919;34.70410919;0;0;9.675268643
Arizona;AZ;4;1990;4;35456;0.024509251;0.550000012;1;0;1;0;16608;34.88562393;0;0;9.717639786
Arizona;AZ;4;1991;4;34929;0.023361677;0.649999976;1;0;1;0;16971;35.0049057;0;1;9.739261284
Arizona;AZ;4;1992;4;35047;0.023083288;0.730000019;1;0;1;0;17583;35.19246674;0;1;9.774687805
Arizona;AZ;4;1993;4;39150;0.020459769;0.730000019;1;0;1;0;18270;35.28326035;0;1;9.813015649
Arizona;AZ;4;1994;4;38774;0.023314592;0.600000024;1;0;1;0;19127;35.49593353;0;1;9.858856228
Arizona;AZ;4;1995;4;39653;0.026101429;0.600000024;1;1;1;0;20078;35.4948616;0;1;9.907379967
Arizona;AZ;4;1996;4;42123;0.023597559;0.560000002;1;1;1;0;21071;35.55243301;0;1;9.955652967
Arizona;AZ;4;1997;4;43491;0.021866594;0.629999995;1;1;1;0;21998;35.70043564;0;1;9.998706819
California;CA;5;1983;6;182652;0.025036681;NA;0;0;1;0;14258;33.73745728;0;0;9.565073432
California;CA;5;1984;6;196537;0.025542265;NA;0;0;1;0;15593;33.78442764;0;0;9.654577375
California;CA;5;1985;6;207600;0.023892101;0.257999986;0;0;1;0;16523;33.80182648;0;0;9.712508629
California;CA;5;1986;6;214913;0.024442449;0.454300016;0;0;1;0;17255;33.81114197;0;1;9.755857236
California;CA;5;1987;6;226301;0.02432159;0.480999976;1;0;1;0;18175;33.82216263;0;1;9.807802302
California;CA;5;1988;6;241575;0.02232019;0.50849998;1;0;1;0;19263;33.8038063;0;1;9.865941436
California;CA;5;1989;6;251482;0.021520427;0.532999992;1;0;1;0;20226;33.75920868;0;1;9.914724184
California;CA;5;1990;6;258926;0.020052061;0.57099998;1;0;1;1;21363;33.83672333;0;1;9.969415733
California;CA;5;1991;6;257976;0.018172232;0.593499959;1;0;1;1;21491;33.79849243;0;1;9.975389522
California;CA;5;1992;6;262548;0.015966604;0.666000009;1;0;1;1;22191;33.89958191;0;1;10.00744208
California;CA;5;1993;6;266408;0.015630161;0.813000023;1;0;1;1;22430;33.98205948;0;1;10.01815463
California;CA;5;1994;6;271943;0.015562085;0.826999962;1;0;1;1;22953;34.05400467;0;1;10.04120393
California;CA;5;1995;6;276371;0.015168017;0.816999972;1;1;1;1;23983;34.17737198;0;1;10.08510053
California;CA;5;1996;6;278043;0.014346702;0.845000029;1;1;1;1;25142;34.2943306;0;1;10.13229503
California;CA;5;1997;6;285612;0.012912623;0.851999998;1;1;1;1;26314;34.48209;0;1;10.1778564
Colorado;CO;6;1983;8;24109;0.026794974;NA;0;0;0;0;13460;32.60922623;0;0;9.507477603
Colorado;CO;6;1984;8;24588;0.024727508;NA;0;0;0;0;14597;32.79043961;0;0;9.588571307
Colorado;CO;6;1985;8;26146;0.022144878;NA;0;0;0;0;15224;32.94545746;0;0;9.630628409
Colorado;CO;6;1986;8;26382;0.022856493;NA;0;0;0;0;15571;33.11536407;0;0;9.653165489
Colorado;CO;6;1987;8;26968;0.021914862;NA;1;0;1;0;16147;33.29123688;0;1;9.689489553
Colorado;CO;6;1988;8;27665;0.017964937;NA;1;0;1;0;16985;33.52191925;0;1;9.740085881
Colorado;CO;6;1989;8;27577;0.019110128;NA;1;0;1;0;18110;33.77364349;0;1;9.804219551
Colorado;CO;6;1990;8;27178;0.02001619;0.5;1;0;1;0;19290;34.01882935;0;1;9.867342106
Colorado;CO;6;1991;8;27744;0.0195718;0.509999991;1;0;1;0;20099;34.17677307;0;1;9.908425342
Colorado;CO;6;1992;8;28927;0.018045425;0.5;1;0;1;0;21005;34.34635162;0;1;9.952515784
Colorado;CO;6;1993;8;32718;0.017085396;0.529999971;1;0;1;0;22117;34.55241013;0;1;10.00410182
Colorado;CO;6;1994;8;33705;0.017386144;0.540000022;1;0;1;0;23019;34.7841568;0;1;10.04407524
Colorado;CO;6;1995;8;35058;0.018398084;0.560000002;1;0;1;0;24304;34.98941803;0;1;10.09839622
Colorado;CO;6;1996;8;36141;0.017072024;0.560000002;1;0;1;0;25627;35.19138718;0;1;10.15140176
Colorado;CO;6;1997;8;37746;0.016240131;0.589999974;1;0;1;0;27015;35.31958771;0;1;10.20414755
Connecticut;CT;7;1983;9;20630;0.021231217;NA;0;0;0;0;15620;36.03425217;0;0;9.656307423
Connecticut;CT;7;1984;9;21076;0.0222528;NA;0;0;0;0;17360;36.1912384;0;0;9.761923988
Connecticut;CT;7;1985;9;22152;0.020223908;NA;0;0;1;0;18531;36.30097961;0;0;9.827200284
Connecticut;CT;7;1986;9;24053;0.018916559;NA;0;0;1;0;19815;36.35538483;1;0;9.894194506
Connecticut;CT;7;1987;9;26775;0.016769374;NA;0;0;1;0;21588;36.45134735;1;0;9.979892884
Connecticut;CT;7;1988;9;26062;0.018571099;NA;0;0;1;0;23699;36.50170517;1;0;10.07318813
Connecticut;CT;7;1989;9;26183;0.015506244;NA;0;0;1;0;25407;36.57437897;1;0;10.14278001
Connecticut;CT;7;1990;9;26303;0.014637114;0.589999974;0;0;1;0;26453;36.77009583;1;0;10.18312485
Connecticut;CT;7;1991;9;26628;0.011641881;0.610000014;1;0;1;0;26721;36.82064056;1;0;10.19320505
Connecticut;CT;7;1992;9;26459;0.011187119;0.709999979;0;0;1;0;28345;36.97710037;1;0;10.25220593
Connecticut;CT;7;1993;9;27001;0.012666198;0.709999979;0;0;1;0;29232;37.06562042;1;0;10.28301928
Connecticut;CT;7;1994;9;27138;0.011423097;0.720000029;0;0;1;0;30310;37.16059113;1;0;10.31923297
Connecticut;CT;7;1995;9;28045;0.011303263;0.720000029;0;0;1;0;32073;37.27995682;1;0;10.37576983
Connecticut;CT;7;1996;9;28135;0.011018304;0.620000005;0;0;1;0;33979;37.42756653;1;0;10.43349797
Connecticut;CT;7;1997;9;28552;0.011873074;0.639999986;0;0;1;0;35863;37.54727936;1;0;10.4874614
District of Columbia;DC;8;1983;11;3099;0.021297192;NA;0;0;0;0;15267;35.72385406;0;0;9.633448915
District of Columbia;DC;8;1984;11;3214;0.019912882;NA;0;0;0;0;16620;35.83572769;0;0;9.718362068
District of Columbia;DC;8;1985;11;3223;0.018616196;NA;0;0;0;0;17531;35.88742828;0;0;9.771726021
District of Columbia;DC;8;1986;11;3287;0.013386066;NA;0;0;1;0;18335;35.89140701;0;1;9.816567081
District of Columbia;DC;8;1987;11;3368;0.015736342;NA;1;0;1;0;19566;35.97663879;0;1;9.881548645
District of Columbia;DC;8;1988;11;3405;0.017914832;NA;1;0;1;0;21782;36.04153824;0;1;9.98883922
District of Columbia;DC;8;1989;11;3414;0.02108963;NA;1;0;1;0;23438;36.11649704;0;1;10.06211392
District of Columbia;DC;8;1990;11;3407;0.014088641;0.49000001;1;0;1;0;25646;36.91365433;0;1;10.15214289
District of Columbia;DC;8;1991;11;3430;0.018367346;0.49000001;1;0;1;0;27028;36.86104965;0;1;10.20462864
District of Columbia;DC;8;1992;11;3562;0.014037058;0.589999974;1;0;1;0;28597;37.04135132;0;1;10.2610571
District of Columbia;DC;8;1993;11;3485;0.016355811;0.620000005;1;0;1;0;29912;37.23085785;0;1;10.30601502
District of Columbia;DC;8;1994;11;3448;0.0200116;0.620000005;1;0;1;0;31212;37.42154312;0;1;10.34855792
District of Columbia;DC;8;1995;11;3465;0.016738817;0.629999995;1;0;1;0;32398;37.65044785;0;1;10.38585197
District of Columbia;DC;8;1996;11;3316;0.018697226;0.579999983;1;0;1;0;34213;38.06774902;0;1;10.44036097
District of Columbia;DC;8;1997;11;3326;0.018039687;0.660000026;1;0;1;0;35704;38.37567139;0;1;10.48301801
Delaware;DE;9;1983;10;4886;0.022513304;NA;0;0;1;0;13159;34.22154617;0;0;9.484861214
Delaware;DE;9;1984;10;5138;0.025301674;NA;0;0;1;0;14291;34.42246628;0;0;9.567385247
Delaware;DE;9;1985;10;5365;0.019384902;NA;0;0;1;0;15451;34.56594086;0;0;9.645429005
Delaware;DE;9;1986;10;5762;0.023602916;NA;0;0;1;0;16257;34.70903015;0;0;9.696278864
Delaware;DE;9;1987;10;6086;0.023989484;NA;1;0;1;0;17423;34.9120903;0;0;9.765546451
Delaware;DE;9;1988;10;6404;0.024984384;NA;1;0;1;0;18878;35.06134796;0;0;9.845752502
Delaware;DE;9;1989;10;6446;0.017995656;NA;1;0;1;0;20563;35.17412949;0;0;9.931248623
Delaware;DE;9;1990;10;6548;0.021075137;0.449999988;1;0;1;0;21590;35.42388916;0;0;9.979985524
Delaware;DE;9;1991;10;6721;0.015176313;0.540000022;1;0;1;0;22241;35.49124908;0;0;10.00969271
Delaware;DE;9;1992;10;6892;0.020313406;0.699999988;1;0;1;0;23004;35.65156174;0;1;10.04342339
Delaware;DE;9;1993;10;6895;0.015953589;0.629999995;1;0;1;0;23542;35.84437561;0;1;10.06654134
Delaware;DE;9;1994;10;7025;0.01594306;0.589999974;1;0;1;0;24465;35.96849823;0;1;10.1049988
Delaware;DE;9;1995;10;7515;0.016101131;0.629999995;1;0;1;0;25603;36.24026871;0;1;10.15046481
Delaware;DE;9;1996;10;7666;0.01513175;0.620000005;1;0;1;0;27125;36.46009445;0;1;10.20821109
Delaware;DE;9;1997;10;8007;0.017859373;0.589999974;1;0;1;0;28493;36.59891891;0;1;10.25741372
Florida;FL;10;1983;12;81776;0.032845821;NA;0;0;0;0;12469;38.51541901;0;0;9.431000843
Florida;FL;10;1984;12;85475;0.032921907;NA;0;0;0;0;13476;38.63661194;0;0;9.508665605
Florida;FL;10;1985;12;88056;0.032161351;0.22299999;0;0;1;0;14367;38.70985794;0;0;9.572689189
Florida;FL;10;1986;12;87273;0.032438442;0.344500005;0;0;1;0;15102;38.73518372;0;0;9.622582464
Florida;FL;10;1987;12;93819;0.030260395;0.551500022;1;0;1;0;16001;38.80276108;0;1;9.680406499
Florida;FL;10;1988;12;105319;0.029225497;0.470999986;1;0;1;0;17092;38.82339859;0;1;9.746365797
Florida;FL;10;1989;12;108877;0.027407074;0.550000012;1;0;1;0;18405;38.87442398;0;1;9.820377646
Florida;FL;10;1990;12;109997;0.026282536;0.529999971;1;0;1;0;19127;38.69661331;0;1;9.858856228
Florida;FL;10;1991;12;113483;0.021703692;0.529500008;1;0;1;0;19451;38.76631165;0;1;9.875653762
Florida;FL;10;1992;12;114311;0.021231553;0.557999969;1;0;1;0;19910;38.83504486;0;1;9.898977397
Florida;FL;10;1993;12;120467;0.021881511;0.615999997;1;0;1;0;21080;38.86478043;0;1;9.956080003
Florida;FL;10;1994;12;121989;0.022026576;0.601999998;1;0;1;1;21761;38.92696762;0;1;9.987874656
Florida;FL;10;1995;12;127801;0.021948185;0.589999974;1;1;1;1;22676;38.99817276;0;1;10.02906238
Florida;FL;10;1996;12;130004;0.021176271;0.627000034;1;1;1;1;23834;39.10276794;0;1;10.07886841
Florida;FL;10;1997;12;134007;0.020782497;0.600000024;1;1;1;1;24799;39.16958237;0;1;10.11855861
Georgia;GA;11;1983;13;48837;0.026537256;NA;0;0;0;0;10742;32.93328476;0;0;9.28191657
Georgia;GA;11;1984;13;50486;0.027928535;NA;0;0;0;0;12028;33.10338593;0;0;9.394992544
Georgia;GA;11;1985;13;53713;0.025338372;NA;0;0;0;0;12928;33.20223618;0;0;9.467150781
Georgia;GA;11;1986;13;56833;0.02692098;NA;0;0;1;0;13768;33.30276871;0;0;9.530102338
Georgia;GA;11;1987;13;60293;0.026520493;0.197999999;0;0;1;0;14562;33.43366241;0;0;9.586170675
Georgia;GA;11;1988;13;62262;0.026565161;0.277999997;1;0;1;0;15591;33.50747299;0;1;9.654449104
Georgia;GA;11;1989;13;75705;0.021557361;0.387999982;1;0;1;0;16466;33.58586502;0;1;9.709052928
Georgia;GA;11;1990;13;72746;0.021471972;0.416999996;1;0;1;0;17385;33.8595314;0;1;9.763363044
Georgia;GA;11;1991;13;73005;0.019026093;0.45599997;1;0;1;0;17930;33.96189117;0;1;9.794230567
Georgia;GA;11;1992;13;77904;0.016879749;0.460999996;1;0;1;0;18888;34.09487534;0;1;9.846282079
Georgia;GA;11;1993;13;78426;0.017774718;0.572000027;1;0;1;0;19668;34.17944336;0;1;9.886748229
Georgia;GA;11;1994;13;82822;0.017205574;0.529000044;1;0;1;0;20632;34.30394745;0;1;9.934598548
Georgia;GA;11;1995;13;85384;0.017427152;0.507000029;1;1;1;0;21696;34.41507721;0;1;9.984883191
Georgia;GA;11;1996;13;89132;0.017647984;0.611000001;1;1;1;0;22900;34.52568436;0;1;10.03889219
Georgia;GA;11;1997;13;93317;0.016899386;0.680000007;1;1;1;1;23882;34.63507843;0;1;10.08088032
Hawaii;HI;12;1983;15;5873;0.024008174;NA;0;0;0;0;13028;32.71693039;0;0;9.474856166
Hawaii;HI;12;1984;15;6505;0.02121445;NA;0;0;0;0;13740;32.93846512;0;0;9.528066566
Hawaii;HI;12;1985;15;6762;0.018633541;0.330000013;0;0;0;0;14494;33.16085815;0;0;9.58149005
Hawaii;HI;12;1986;15;6971;0.017214174;0.726000011;0;0;1;0;15325;33.48085785;1;0;9.637240761
Hawaii;HI;12;1987;15;7218;0.019257411;0.661000013;0;0;1;0;16262;33.816185;1;0;9.696586377
Hawaii;HI;12;1988;15;7419;0.019948781;0.665000022;0;0;1;0;17815;34.10531235;1;0;9.787796078
Hawaii;HI;12;1989;15;7750;0.019225806;0.783000052;0;0;1;0;19395;34.37185669;1;0;9.87277058
Hawaii;HI;12;1990;15;8066;0.021943962;0.805000007;0;0;1;0;21529;34.87897491;1;0;9.977156142
Hawaii;HI;12;1991;15;8143;0.016578656;0.853000045;0;0;1;0;22171;34.97967529;1;0;10.00654041
Hawaii;HI;12;1992;15;8066;0.015993057;0.83099997;0;0;1;0;22906;35.17717361;1;0;10.03915416
Hawaii;HI;12;1993;15;8074;0.016596483;0.841999948;0;0;1;0;23638;35.34814453;1;0;10.07061087
Hawaii;HI;12;1994;15;7935;0.015374921;0.824999988;0;0;1;0;24090;35.52658081;1;0;10.0895521
Hawaii;HI;12;1995;15;7945;0.016362492;0.799000025;0;0;1;0;24848;35.7653923;1;0;10.12053255
Hawaii;HI;12;1996;15;8030;0.018430885;0.800000012;0;0;1;0;25086;36.07123947;1;0;10.1300652
Hawaii;HI;12;1997;15;7947;0.016484208;0.800000012;0;0;1;1;25598;36.39650726;1;0;10.1502695
Iowa;IA;13;1983;19;19661;0.026143126;NA;0;0;0;0;11218;35.41376877;0;0;9.32527491
Iowa;IA;13;1984;19;20497;0.020490803;NA;0;0;0;0;12460;35.60499954;0;0;9.430278792
Iowa;IA;13;1985;19;20191;0.023475805;0.180000007;0;0;0;0;13042;35.81484604;0;0;9.475930198
Iowa;IA;13;1986;19;20413;0.021603881;0.430000007;0;0;1;0;13688;36.08493423;1;0;9.524274816
Iowa;IA;13;1987;19;20808;0.023596693;0.560000002;1;0;1;0;14511;36.37153244;1;0;9.582662261
Iowa;IA;13;1988;19;21907;0.025425663;0.550000012;1;0;1;0;14882;36.56856537;1;0;9.607907708
Iowa;IA;13;1989;19;22571;0.022772584;0.589999974;1;0;1;0;16058;36.66881943;1;0;9.683962447
Iowa;IA;13;1990;19;22993;0.020223547;0.610000014;1;0;1;0;16885;36.66960144;1;0;9.734180933
Iowa;IA;13;1991;19;23020;0.021198958;0.680000007;1;0;1;0;17304;36.6919632;1;0;9.758692968
Iowa;IA;13;1992;19;23926;0.018264649;0.709999979;1;0;1;0;18368;36.85264969;1;0;9.818365299
Iowa;IA;13;1993;19;25118;0.018273749;0.730000019;1;0;1;0;18461;36.9394455;1;0;9.823415678
Iowa;IA;13;1994;19;25737;0.018572483;0.730000019;1;0;1;0;19964;37.05332565;1;0;9.901685931
Iowa;IA;13;1995;19;25987;0.02027937;0.759999991;1;0;1;0;20412;37.20432281;1;0;9.923878242
Iowa;IA;13;1996;19;26880;0.017299106;0.75;1;0;1;0;22032;37.29957581;1;0;10.00025122
Iowa;IA;13;1997;19;27984;0.016723841;0.75;1;0;1;0;23120;37.37586594;1;0;10.04845332
Idaho;ID;14;1983;16;8287;0.031736456;NA;0;0;0;0;10122;32.17271423;0;0;9.222466552
Idaho;ID;14;1984;16;7768;0.03115345;NA;0;0;0;0;10780;32.3633194;0;0;9.285447844
Idaho;ID;14;1985;16;7710;0.033073928;0.234999999;0;0;0;0;11331;32.60077667;0;0;9.335297611
Idaho;ID;14;1986;16;7781;0.033157691;0.270000011;0;0;0;0;11663;32.86223221;0;1;9.364176717
Idaho;ID;14;1987;16;8119;0.03202365;0.319999993;1;0;1;0;12265;33.19096375;0;1;9.414504957
Idaho;ID;14;1988;16;8127;0.031622984;0.340000004;1;0;1;0;13108;33.48856354;0;1;9.48097801
Idaho;ID;14;1989;16;8422;0.02825932;0.330000013;1;0;1;0;14283;33.70093536;0;1;9.566825298
Idaho;ID;14;1990;16;9849;0.02477409;0.349999994;1;0;1;0;15346;33.76304626;0;1;9.638610133
Idaho;ID;14;1991;16;10318;0.025586354;0.460000008;1;0;1;0;15664;33.91727829;0;1;9.659120365
Idaho;ID;14;1992;16;10764;0.022575252;0.529999971;1;0;1;0;16607;33.994133;0;1;9.717579572
Idaho;ID;14;1993;16;11481;0.020033099;0.589999974;1;0;1;0;17699;34.04111481;0;1;9.78126342
Idaho;ID;14;1994;16;11652;0.021455545;0.540000022;1;0;1;0;18186;34.06496048;0;1;9.808407346
Idaho;ID;14;1995;16;12296;0.021307742;0.5;1;1;1;0;18961;34.20653534;0;1;9.850139517
Idaho;ID;14;1996;16;12961;0.019905871;0.5;1;1;1;0;19741;34.35408401;0;1;9.89045297
Idaho;ID;14;1997;16;12880;0.020108696;0.49000001;1;1;1;1;20392;34.50406265;0;1;9.922897946
Illinois;IL;15;1983;17;67370;0.022651032;NA;0;0;1;0;13180;34.36076736;0;0;9.486455808
Illinois;IL;15;1984;17;69910;0.022128452;NA;0;0;1;0;14547;34.46930313;0;0;9.585140066
Illinois;IL;15;1985;17;70844;0.021653211;0.158999994;0;0;1;0;15322;34.60091782;0;0;9.637044983
Illinois;IL;15;1986;17;74144;0.021525679;0.362000018;0;0;1;0;16106;34.71235657;0;1;9.686947152
Illinois;IL;15;1987;17;75756;0.021833254;0.372999996;1;0;1;0;17066;34.87645721;0;1;9.744843459
Illinois;IL;15;1988;17;78483;0.023406344;0.395000011;1;0;1;0;18212;35.0331192;0;1;9.809835996
Illinois;IL;15;1989;17;81297;0.021501409;0.400000006;1;0;1;0;19427;35.15080261;0;1;9.87441913
Illinois;IL;15;1990;17;83334;0.019067848;0.470999986;1;0;1;0;20494;35.42041397;0;1;9.927887439
Illinois;IL;15;1991;17;85430;0.016949549;0.504000008;1;0;1;0;20966;35.41954422;0;1;9.950657357
Illinois;IL;15;1992;17;87642;0.015791515;0.639999986;1;0;1;0;22209;35.51555252;0;1;10.00825289
Illinois;IL;15;1993;17;89693;0.015519606;0.670000017;1;0;1;0;22895;35.59360886;0;1;10.03867383
Illinois;IL;15;1994;17;92316;0.016833484;0.683000028;1;0;1;0;23956;35.62672806;0;1;10.08397409
Illinois;IL;15;1995;17;94189;0.016838484;0.686999977;1;0;1;0;25135;35.67132187;0;1;10.13201658
Illinois;IL;15;1996;17;96730;0.015269307;0.639999986;1;0;1;0;26393;35.72410965;0;1;10.1808541
Illinois;IL;15;1997;17;99319;0.014065788;0.64199996;1;0;1;1;27688;35.7832222;0;1;10.22875439
Indiana;IN;16;1983;18;39837;0.025503928;NA;0;0;1;0;11001;34.07998276;0;0;9.305741457
Indiana;IN;16;1984;18;41074;0.02252033;NA;0;0;1;0;12199;34.29331589;0;0;9.40910926
Indiana;IN;16;1985;18;40782;0.023883086;NA;0;0;1;0;12844;34.49176407;0;0;9.460632055
Indiana;IN;16;1986;18;40780;0.025453653;0.19600001;0;0;1;0;13513;34.69554901;0;0;9.511407464
Indiana;IN;16;1987;18;44122;0.023910973;0.367000014;1;0;1;0;14324;34.89601517;0;1;9.569691731
Indiana;IN;16;1988;18;51124;0.021496752;0.440999985;1;0;1;0;15231;35.06287003;0;1;9.631088104
Indiana;IN;16;1989;18;56192;0.01728004;0.460999996;1;0;1;0;16296;35.15726852;0;1;9.698674958
Indiana;IN;16;1990;18;53697;0.019535542;0.47299999;1;0;1;0;17167;35.4417038;0;1;9.750744215
Indiana;IN;16;1991;18;54266;0.018833155;0.519999981;1;0;1;0;17624;35.49770355;0;1;9.777016888
Indiana;IN;16;1992;18;57072;0.015787076;0.560000002;1;0;1;0;18763;35.6531868;0;1;9.839642124
Indiana;IN;16;1993;18;60461;0.014902168;0.560000002;1;0;1;0;19649;35.76839828;0;1;9.885781725
Indiana;IN;16;1994;18;62108;0.015634056;0.560000002;1;0;1;0;20734;35.83475494;0;1;9.939530144
Indiana;IN;16;1995;18;64552;0.014871731;0.639999986;1;0;1;0;21427;35.93618393;0;1;9.972407088
Indiana;IN;16;1996;18;66220;0.014859559;0.620000005;1;0;1;0;22234;36.06284714;0;1;10.00937793
Indiana;IN;16;1997;18;68620;0.013625765;0.629999995;1;0;1;0;23202;36.10934067;0;1;10.05199376
Kansas;KS;17;1983;20;18153;0.022640886;NA;0;0;0;0;12273;34.97045136;0;0;9.415157007
Kansas;KS;17;1984;20;18717;0.027247956;NA;0;0;0;0;13421;35.08153534;0;0;9.504575923
Kansas;KS;17;1985;20;19275;0.025214007;0.099;0;0;1;0;14121;35.14977264;0;0;9.55541833
Kansas;KS;17;1986;20;19826;0.025219409;0.236000001;0;0;1;0;14703;35.29528046;0;1;9.595806834
Kansas;KS;17;1987;20;20561;0.023880161;0.422999978;1;0;1;0;15327;35.36159134;0;1;9.637371258
Kansas;KS;17;1988;20;21161;0.022825008;0.481999993;1;0;1;0;16040;35.44693375;0;1;9.682840881
Kansas;KS;17;1989;20;21913;0.019531785;0.519999981;1;0;1;0;16802;35.47808075;0;1;9.729253206
Kansas;KS;17;1990;20;22849;0.019431923;0.578000009;1;0;1;0;17940;35.59708023;0;1;9.794788136
Kansas;KS;17;1991;20;23186;0.017639956;0.634999991;1;0;1;0;18492;35.60046768;0;1;9.825093485
Kansas;KS;17;1992;20;24163;0.016016223;0.703000009;1;0;1;0;19447;35.71392059;0;1;9.875448096
Kansas;KS;17;1993;20;24115;0.017748289;0.699999988;1;0;1;1;20048;35.79610062;0;1;9.905884677
Kansas;KS;17;1994;20;24678;0.017910689;0.699999988;1;0;1;1;20638;35.86905289;0;1;9.934889316
Kansas;KS;17;1995;20;25153;0.017572457;0.540000022;1;1;1;1;21481;36.01546478;0;1;9.974924102
Kansas;KS;17;1996;20;25942;0.018888289;0.540000022;1;1;1;1;22707;36.13587952;0;1;10.03042853
Kansas;KS;17;1997;20;26524;0.018172221;0.560000002;1;1;1;1;23972;36.16293335;0;1;10.08464176
Kentucky;KY;18;1983;21;26719;0.029117856;0.059999999;0;0;1;0;9696;34.01682281;0;0;9.179468708
Kentucky;KY;18;1984;21;27951;0.026975779;0.07;0;0;1;0;10838;34.19585419;0;0;9.290813756
Kentucky;KY;18;1985;21;28520;0.024964936;0.090000004;0;0;1;0;11278;34.39881134;0;0;9.330609204
Kentucky;KY;18;1986;21;29252;0.027519485;0.129999995;0;0;1;0;11715;34.62643814;0;0;9.368625351
Kentucky;KY;18;1987;21;30320;0.027836412;0.209999993;1;0;1;0;12441;34.87771225;0;0;9.428752749
Kentucky;KY;18;1988;21;31614;0.026507244;NA;1;0;1;0;13187;35.12829971;0;0;9.486986775
Kentucky;KY;18;1989;21;32165;0.024001245;0.259999991;1;0;1;0;14204;35.33683777;0;0;9.561278894
Kentucky;KY;18;1990;21;33639;0.025238562;0.319999993;1;0;1;0;15085;35.59313965;0;0;9.621456152
Kentucky;KY;18;1991;21;35213;0.023457246;0.389999986;1;0;1;0;15719;35.6681633;0;0;9.662625451
Kentucky;KY;18;1992;21;38062;0.021412432;0.409999996;1;0;1;0;16677;35.79183197;0;0;9.721785804
Kentucky;KY;18;1993;21;39598;0.02199606;0.419999987;1;0;1;0;17207;35.91676331;0;0;9.753071557
Kentucky;KY;18;1994;21;39822;0.019536939;0.579999983;1;0;1;0;17872;35.99732971;0;1;9.790990521
Kentucky;KY;18;1995;21;41095;0.020659447;0.540000022;1;0;1;0;18601;36.15644836;0;1;9.830970622
Kentucky;KY;18;1996;21;42586;0.019771757;0.550000012;1;0;1;0;19475;36.31981277;0;1;9.876886871
Kentucky;KY;18;1997;21;44762;0.019145705;0.540000022;1;0;1;0;20570;36.36816788;0;1;9.931588983
Louisiana;LA;19;1983;22;27573;0.033837449;NA;0;0;0;0;10724;32.13996124;0;0;9.280239499
Louisiana;LA;19;1984;22;31588;0.030422945;NA;0;0;0;0;11421;32.27105331;0;0;9.343209045
Louisiana;LA;19;1985;22;33365;0.027903492;NA;0;0;0;0;11876;32.40501022;0;0;9.382274836
Louisiana;LA;19;1986;22;29861;0.031211279;0.119999997;0;0;0;0;11802;32.64546204;0;0;9.376024288
Louisiana;LA;19;1987;22;30599;0.026994346;0.349999994;1;0;1;0;12010;32.88427353;0;1;9.393494915
Louisiana;LA;19;1988;22;34682;0.026670896;0.360000014;1;0;1;0;12829;33.09140778;0;1;9.459463512
Louisiana;LA;19;1989;22;37914;0.023157673;0.409999996;1;0;1;0;13620;33.34372711;0;1;9.51929458
Louisiana;LA;19;1990;22;37667;0.025459951;0.430000007;1;0;1;0;14773;33.88932037;0;1;9.600556469
Louisiana;LA;19;1991;22;34710;0.024834342;0.419999987;1;0;1;0;15593;33.91446304;0;1;9.654577375
Louisiana;LA;19;1992;22;33853;0.026171979;0.5;1;0;1;0;16381;34.04680634;0;1;9.703877406
Louisiana;LA;19;1993;22;36351;0.024153393;0.479999989;1;0;1;0;17133;34.21113586;0;1;9.748761707
Louisiana;LA;19;1994;22;37430;0.022522042;0.5;1;0;1;0;18086;34.33135986;0;1;9.802893437
Louisiana;LA;19;1995;22;38647;0.023132455;0.589999974;1;0;1;0;18826;34.4989357;0;1;9.842994172
Louisiana;LA;19;1996;22;38095;0.023677647;0.629999995;1;0;1;0;19609;34.71261978;0;1;9.883743923
Louisiana;LA;19;1997;22;38840;0.023970135;0.670000017;1;0;1;0;20458;34.90412903;0;1;9.926129283
Massachusetts;MA;20;1983;25;37541;0.01734104;NA;0;0;0;0;14009;35.90611267;0;0;9.547455259
Massachusetts;MA;20;1984;25;38540;0.017280748;NA;0;0;0;0;15703;36.01557922;0;0;9.661607056
Massachusetts;MA;20;1985;25;39696;0.018692059;0.200000003;0;0;1;0;16842;36.08628082;0;0;9.731631046
Massachusetts;MA;20;1986;25;40745;0.018456252;0.349999994;0;0;1;0;18100;36.1364212;0;0;9.803667217
Massachusetts;MA;20;1987;25;42305;0.016286491;0.259999991;0;0;1;0;19600;36.20314789;0;0;9.883284845
Massachusetts;MA;20;1988;25;43334;0.016730512;NA;0;0;1;0;21417;36.25172424;0;0;9.971940278
Massachusetts;MA;20;1989;25;46214;0.015060372;0.289999992;0;0;1;0;22634;36.26585007;0;0;10.02720848
Massachusetts;MA;20;1990;25;46130;0.01311511;0.300000012;0;0;1;0;23210;36.4620285;0;0;10.0523385
Massachusetts;MA;20;1991;25;46537;0.011861529;0.360000014;1;0;1;0;23590;36.54250336;0;0;10.06857817
Massachusetts;MA;20;1992;25;47348;0.010243305;0.340000004;1;0;1;0;24538;36.73239517;0;0;10.10797822
Massachusetts;MA;20;1993;25;46684;0.010174792;0.340000004;1;0;1;0;25333;36.84069443;0;0;10.13986317
Massachusetts;MA;20;1994;25;46990;0.009363694;0.519999981;1;0;1;0;26433;36.95366287;0;1;10.18236851
Massachusetts;MA;20;1995;25;48053;0.009239798;0.529999971;1;0;1;0;28097;37.0994873;0;1;10.24341809
Massachusetts;MA;20;1996;25;49956;0.008327328;0.540000022;1;0;1;0;29591;37.25540543;0;1;10.29522554
Massachusetts;MA;20;1997;25;50468;0.00873821;0.529999971;1;0;1;0;31239;37.38256073;0;1;10.34942259
Maryland;MD;21;1983;24;30618;0.021425305;NA;0;0;1;0;13852;34.26184464;0;0;9.536184906
Maryland;MD;21;1984;24;31702;0.020282632;NA;0;0;1;0;15279;34.40426636;0;0;9.634234616
Maryland;MD;21;1985;24;33337;0.021867594;0.180000007;0;0;1;0;16454;34.54468918;0;0;9.708323888
Maryland;MD;21;1986;24;35208;0.022267666;0.550000012;0;0;1;0;17461;34.63835526;0;1;9.767725102
Maryland;MD;21;1987;24;36493;0.022305647;0.560000002;1;0;1;0;18665;34.72747803;0;1;9.834405391
Maryland;MD;21;1988;24;37498;0.020827778;0.569999993;1;0;1;0;20079;34.75935745;0;1;9.907429772
Maryland;MD;21;1989;24;38922;0.018652691;0.620000005;1;0;1;0;21469;34.82172394;0;1;9.974365313
Maryland;MD;21;1990;24;40536;0.017441288;0.649999976;1;0;1;0;22482;35.06430054;0;1;10.02047027
Maryland;MD;21;1991;24;41349;0.01678396;0.670000017;1;0;1;0;22877;35.12738037;0;1;10.03788732
Maryland;MD;21;1992;24;41896;0.015729426;0.670000017;1;0;1;0;23548;35.29244995;0;1;10.06679617
Maryland;MD;21;1993;24;43311;0.015377156;0.699999988;1;0;1;0;24283;35.40979767;0;1;10.0975318
Maryland;MD;21;1994;24;44165;0.014740179;0.699999988;1;0;1;0;25329;35.55339813;0;1;10.13970526
Maryland;MD;21;1995;24;44882;0.014950315;0.699999988;1;0;1;0;26141;35.67638779;0;1;10.17126024
Maryland;MD;21;1996;24;46187;0.013163878;0.699999988;1;0;1;0;27298;35.89208603;0;1;10.21456872
Maryland;MD;21;1997;24;46609;0.013109056;0.709999979;1;0;1;0;28674;35.99752426;0;1;10.26374607
Maine;ME;22;1983;23;7924;0.028268552;NA;0;0;0;0;10431;35.13854599;0;0;9.252537421
Maine;ME;22;1984;23;9345;0.024826109;NA;0;0;0;0;11500;35.31762695;0;0;9.350102314
Maine;ME;22;1985;23;9277;0.022205455;NA;0;0;1;0;12301;35.45526505;0;0;9.417435839
Maine;ME;22;1986;23;10022;0.021353023;NA;0;0;1;0;13272;35.58822632;0;0;9.493411832
Maine;ME;22;1987;23;10766;0.021549322;NA;1;0;1;0;14392;35.73558426;0;0;9.574427776
Maine;ME;22;1988;23;11401;0.022454171;NA;1;0;1;1;15537;35.83998871;0;0;9.650979555
Maine;ME;22;1989;23;11739;0.016526111;NA;1;0;1;1;16618;35.93143463;0;0;9.718241724
Maine;ME;22;1990;23;11871;0.017942887;0.349999994;1;0;1;1;17159;36.07067108;0;0;9.750278096
Maine;ME;22;1991;23;11849;0.017301038;0.360000014;1;0;1;1;17300;36.1796875;0;0;9.75846178
Maine;ME;22;1992;23;12151;0.01761172;0.360000014;1;0;1;1;18008;36.43003082;0;0;9.798571383
Maine;ME;22;1993;23;12182;0.015186341;0.360000014;1;0;1;1;18463;36.62062836;0;0;9.823524008
Maine;ME;22;1994;23;12469;0.015077392;0.360000014;1;0;1;1;19190;36.82917023;0;0;9.862144589
Maine;ME;22;1995;23;12589;0.014854237;0.5;1;0;1;1;19995;37.07215881;0;0;9.903237521
Maine;ME;22;1996;23;12819;0.013183556;0.5;1;0;1;1;20948;37.31929398;0;1;9.949798455
Maine;ME;22;1997;23;13245;0.014496036;0.610000014;1;0;1;1;21937;37.59043503;0;1;9.995929988
Michigan;MI;23;1983;26;60855;0.02159231;NA;0;0;1;0;12143;33.73694992;0;0;9.404508151
Michigan;MI;23;1984;26;63470;0.024121633;0.194999993;0;0;1;0;13460;33.97589111;0;0;9.507477603
Michigan;MI;23;1985;26;67402;0.022922168;0.259999991;0;0;1;0;14540;34.16784668;0;0;9.584658751
Michigan;MI;23;1986;26;71981;0.02229755;0.463;0;0;1;0;15338;34.33911133;0;1;9.638088688
Michigan;MI;23;1987;26;75706;0.021160806;0.46450001;1;0;1;0;15899;34.51496124;0;1;9.674011493
Michigan;MI;23;1988;26;77899;0.021925828;0.479999989;1;0;1;0;16950;34.65726089;0;1;9.738023113
Michigan;MI;23;1989;26;79890;0.020515708;0.467000008;1;0;1;0;17987;34.77060318;0;1;9.797404554
Michigan;MI;23;1990;26;81091;0.019373296;0.51700002;1;0;1;0;18699;34.96533203;0;1;9.836225325
Michigan;MI;23;1991;26;81935;0.017343016;0.639999986;1;0;1;0;19022;35.04848862;0;1;9.853351483
Michigan;MI;23;1992;26;84219;0.015435947;0.55400002;1;0;1;0;19861;35.2481041;0;1;9.896513289
Michigan;MI;23;1993;26;85686;0.016502112;0.639999986;1;0;1;0;20939;35.38850403;0;1;9.949368728
Michigan;MI;23;1994;26;85183;0.016681733;0.635999978;1;0;1;0;22338;35.55833817;0;1;10.01404454
Michigan;MI;23;1995;26;85703;0.017852351;0.655999959;1;0;1;0;23407;35.70993042;0;1;10.0607904
Michigan;MI;23;1996;26;90215;0.01668237;0.671999991;1;0;1;0;23996;35.87500381;0;1;10.08564243
Michigan;MI;23;1997;26;91755;0.01575936;0.680999994;1;0;1;0;24956;35.99913406;0;1;10.12486955
Minnesota;MN;24;1983;27;31063;0.017866915;NA;0;0;0;0;12310;34.21224976;0;0;9.418167219
Minnesota;MN;24;1984;27;31826;0.018286936;NA;0;0;0;0;13975;34.37518692;0;0;9.545025298
Minnesota;MN;24;1985;27;32688;0.018600099;0.200000003;0;0;0;0;14756;34.49310684;0;0;9.599405059
Minnesota;MN;24;1986;27;33806;0.016890492;0.330000013;0;0;1;0;15526;34.62694168;0;1;9.650271317
Minnesota;MN;24;1987;27;35167;0.015070947;0.319999993;1;0;1;0;16479;34.76574326;0;1;9.709842122
Minnesota;MN;24;1988;27;36447;0.016791506;0.469999999;1;0;1;0;17115;34.83434296;0;1;9.747710551
Minnesota;MN;24;1989;27;37393;0.016152756;0.439999998;1;0;1;0;18404;34.89287567;0;1;9.820323311
Minnesota;MN;24;1990;27;38946;0.014532943;0.469999999;1;0;1;0;19348;35.001297;0;1;9.870344334
Minnesota;MN;24;1991;27;39254;0.013527283;0.529999971;1;0;1;0;19845;35.07299805;0;1;9.895707365
Minnesota;MN;24;1992;27;41162;0.01411496;0.509999991;1;0;1;0;21126;35.17263794;0;1;9.958259788
Minnesota;MN;24;1993;27;42214;0.012744587;0.550000012;1;0;1;0;21488;35.28432083;0;1;9.975249919
Minnesota;MN;24;1994;27;43317;0.014913313;0.569999993;1;0;1;0;22802;35.40265274;0;1;10.03460353
Minnesota;MN;24;1995;27;44072;0.013546016;0.649999976;1;0;1;0;23736;35.54664993;0;1;10.07474816
Minnesota;MN;24;1996;27;44465;0.012954009;0.639999986;1;0;1;0;25235;35.68920898;0;1;10.1359872
Minnesota;MN;24;1997;27;48350;0.012409514;0.649999976;1;0;1;0;26243;35.77662277;0;1;10.17515457
Missouri;MO;25;1983;29;36543;0.024929535;NA;0;0;1;0;11647;35.47117233;0;0;9.362803915
Missouri;MO;25;1984;29;38535;0.02509407;NA;0;0;1;0;12860;35.54534531;0;0;9.461876998
Missouri;MO;25;1985;29;39284;0.023699217;NA;0;0;1;0;13737;35.62744522;0;0;9.527848201
Missouri;MO;25;1986;29;41571;0.027158355;NA;0;0;1;0;14383;35.72843552;0;1;9.573802233
Missouri;MO;25;1987;29;43379;0.024089998;NA;1;0;1;0;15084;35.8514595;0;1;9.621389858
Missouri;MO;25;1988;29;45573;0.024202928;NA;1;0;1;0;15909;35.95019913;0;1;9.674640266
Missouri;MO;25;1989;29;48087;0.021877015;NA;1;0;1;0;16961;36.05951309;0;1;9.73867187
Missouri;MO;25;1990;29;50883;0.021559263;0.540000022;1;0;1;0;17639;36.20201492;0;1;9.777867639
Missouri;MO;25;1991;29;40982;0.024669368;0.540000022;1;0;1;0;18305;36.21760559;0;1;9.814929526
Missouri;MO;25;1992;29;53254;0.018496264;0.699999988;1;0;1;0;19120;36.301754;0;1;9.858490187
Missouri;MO;25;1993;29;54821;0.017274402;0.699999988;1;0;1;0;19632;36.35516739;0;1;9.884916167
Missouri;MO;25;1994;29;57288;0.019009216;0.680000007;1;0;1;0;20576;36.43617249;0;1;9.931880627
Missouri;MO;25;1995;29;59347;0.018686706;0.709999979;1;1;1;0;21540;36.49969482;0;1;9.977666951
Missouri;MO;25;1996;29;61162;0.018753475;0.620000005;1;1;1;0;22586;36.53993225;0;1;10.02508552
Missouri;MO;25;1997;29;62980;0.018926643;0.620000005;1;1;1;0;23629;36.59480286;0;1;10.07023005
Mississippi;MS;26;1983;28;17802;0.040164027;NA;0;0;0;0;8372;32.99811554;0;0;9.032648084
Mississippi;MS;26;1984;28;18442;0.036818132;NA;0;0;0;0;9122;33.11408997;0;0;9.118444357
Mississippi;MS;26;1985;28;19130;0.034605332;NA;0;0;0;0;9545;33.22182083;0;0;9.163772736
Mississippi;MS;26;1986;28;19226;0.040101945;NA;0;0;1;0;9898;33.39318848;0;0;9.200087996
Mississippi;MS;26;1987;28;20173;0.037475836;NA;1;0;1;0;10484;33.64208221;0;0;9.257605564
Mississippi;MS;26;1988;28;22043;0.032754161;NA;1;0;1;0;11236;33.88824081;0;0;9.326878188
Mississippi;MS;26;1989;28;22895;0.031753659;NA;1;0;1;0;11996;34.10622025;0;0;9.39232854
Mississippi;MS;26;1990;28;24398;0.030740224;0.230000004;1;0;1;0;12706;34.45668793;0;1;9.449829602
Mississippi;MS;26;1991;28;24897;0.028678155;0.319999993;1;0;1;0;13376;34.47629166;0;1;9.501217335
Mississippi;MS;26;1992;28;26239;0.029193185;0.239999995;1;0;1;0;14163;34.51760483;0;1;9.558388209
Mississippi;MS;26;1993;28;26864;0.030263551;0.25;1;0;1;0;14900;34.59160233;0;1;9.609116492
Mississippi;MS;26;1994;28;28548;0.02770772;0.432999998;1;0;1;0;15886;34.66539383;0;1;9.673193497
Mississippi;MS;26;1995;28;29559;0.029364999;0.460000008;1;1;1;0;16574;34.80508423;0;1;9.715590481
Mississippi;MS;26;1996;28;30562;0.026536221;0.459900022;1;1;1;0;17398;34.96229553;0;1;9.764110536
Mississippi;MS;26;1997;28;31519;0.027316857;0.482299984;1;1;1;0;18098;35.07287979;0;1;9.803556714
Montana;MT;27;1983;30;7181;0.039827321;NA;0;0;0;0;10654;33.70046234;0;0;9.273690687
Montana;MT;27;1984;30;7386;0.032223124;0.167999998;0;0;0;0;11252;33.84919357;0;0;9.32830117
Montana;MT;27;1985;30;7572;0.029450608;0.217000008;0;0;0;0;11486;34.01177979;0;0;9.348884181
Montana;MT;27;1986;30;7737;0.028693292;0.294999987;0;0;0;0;12120;34.32669449;0;0;9.40261226
Montana;MT;27;1987;30;8074;0.028981917;0.396500021;1;0;1;0;12619;34.65987778;0;0;9.442958894
Montana;MT;27;1988;30;8138;0.024330303;0.594500005;1;0;1;0;12954;35.00441742;0;1;9.4691599
Montana;MT;27;1989;30;8250;0.021939393;0.617999971;1;0;1;0;14193;35.28573227;0;1;9.560504164
Montana;MT;27;1990;30;8332;0.025444072;0.625999987;1;0;1;0;15038;35.4671402;0;1;9.61833561
Montana;MT;27;1991;30;8314;0.024055809;0.644499958;1;0;1;0;15947;35.60186005;0;1;9.677026003
Montana;MT;27;1992;30;8525;0.022521995;0.680299997;1;0;1;0;16541;35.67782211;0;1;9.713597426
Montana;MT;27;1993;30;8707;0.022395773;0.691999972;1;0;1;0;17571;35.78073502;0;1;9.774005095
Montana;MT;27;1994;30;9116;0.022158841;0.695800006;1;0;1;0;17590;35.96218872;0;1;9.775085838
Montana;MT;27;1995;30;9399;0.022874774;0.700800002;1;0;1;0;18286;36.24868774;0;1;9.813891019
Montana;MT;27;1996;30;9446;0.021172984;0.708000004;1;0;1;0;18872;36.53780365;0;1;9.845434621
Montana;MT;27;1997;30;9392;0.028215503;0.725500047;1;0;1;0;19660;36.82976913;0;1;9.886341394
North Carolina;NC;28;1983;37;45038;0.027399086;NA;0;0;0;0;10172;34.21530533;0;0;9.227394127
North Carolina;NC;28;1984;37;48182;0.030094227;NA;0;0;0;0;11363;34.44893646;0;0;9.338117742
North Carolina;NC;28;1985;37;49923;0.029685715;0.259999991;0;0;0;0;12136;34.63479996;0;0;9.403931521
North Carolina;NC;28;1986;37;52866;0.03115424;0.419999987;0;0;1;0;12900;34.81872559;1;0;9.46498259
North Carolina;NC;28;1987;37;54600;0.029010989;0.779999971;1;0;1;0;13717;35.01980209;1;0;9.526391218
North Carolina;NC;28;1988;37;57943;0.02714737;0.629999995;1;0;1;0;14810;35.18054199;1;0;9.603057907
North Carolina;NC;28;1989;37;60877;0.024163477;0.610000014;1;0;1;0;15827;35.32870865;1;0;9.669472621
North Carolina;NC;28;1990;37;62707;0.022086848;0.579999983;1;0;1;0;16649;35.51916885;1;0;9.720105434
North Carolina;NC;28;1991;37;64883;0.021099517;0.610000014;1;0;1;0;17115;35.63745117;1;0;9.747710551
North Carolina;NC;28;1992;37;67538;0.018730197;0.620000005;1;0;1;0;18230;35.76171112;1;0;9.810823868
North Carolina;NC;28;1993;37;69493;0.019987624;0.629999995;1;0;1;1;19137;35.87254334;1;0;9.859378913
North Carolina;NC;28;1994;37;71928;0.019894894;0.790000022;1;0;1;1;19920;35.97425079;1;0;9.899479531
North Carolina;NC;28;1995;37;76053;0.019039353;0.800000012;1;0;1;1;20996;36.09945297;1;0;9.952087222
North Carolina;NC;28;1996;37;78935;0.018926965;0.800000012;1;0;1;1;22053;36.20905685;1;0;10.00120393
North Carolina;NC;28;1997;37;81893;0.018108996;0.850000024;1;0;1;1;23168;36.27514267;1;0;10.0505273
North Dakota;ND;29;1983;38;5363;0.021629686;NA;0;0;1;0;11100;33.74757004;0;0;9.314700387
North Dakota;ND;29;1984;38;5377;0.018597731;NA;0;0;1;0;11871;33.84547424;0;0;9.38185373
North Dakota;ND;29;1985;38;5387;0.016706888;NA;0;0;1;0;12314;34.03305054;0;0;9.418492105
North Dakota;ND;29;1986;38;5632;0.017755682;NA;0;0;1;0;12625;34.29162216;0;0;9.443434254
North Dakota;ND;29;1987;38;5681;0.017778561;NA;1;0;1;0;13037;34.55361557;0;0;9.475546748
North Dakota;ND;29;1988;38;5765;0.018039895;NA;1;0;1;0;12142;34.89032364;0;0;9.404425796
North Dakota;ND;29;1989;38;5849;0.013848521;NA;1;0;1;0;13669;35.17760086;0;1;9.522885774
North Dakota;ND;29;1990;38;5910;0.01895093;0.280000001;1;0;1;0;15264;35.62972641;0;0;9.633252394
North Dakota;ND;29;1991;38;5951;0.015795665;0.300000012;1;0;1;0;15479;35.69639206;0;0;9.647239546
North Dakota;ND;29;1992;38;6072;0.014492754;0.300000012;1;0;1;0;16866;35.86979294;0;0;9.73305504
North Dakota;ND;29;1993;38;6158;0.014452744;0.300000012;1;0;1;0;17040;36.00231171;0;0;9.7433188
North Dakota;ND;29;1994;38;6338;0.013884506;0.319999993;1;0;1;0;18156;36.14896011;0;0;9.806756364
North Dakota;ND;29;1995;38;6545;0.011306341;0.419999987;1;0;1;0;18149;36.34025955;0;1;9.806370742
North Dakota;ND;29;1996;38;6741;0.012609405;0.430000007;1;0;1;0;20197;36.55766678;0;1;9.913289358
North Dakota;ND;29;1997;38;7123;0.01474098;0.49000001;1;0;1;0;20103;36.71871185;0;1;9.908624337
Nebraska;NE;30;1983;31;11534;0.022108549;0.109999999;0;0;0;0;11401;34.85775757;0;0;9.34145635
Nebraska;NE;30;1984;31;11968;0.023813503;0.150000006;0;0;0;0;12658;34.96073151;0;0;9.446044705
Nebraska;NE;30;1985;31;12054;0.019661523;0.449999988;0;0;1;0;13392;35.07483673;0;0;9.502412793
Nebraska;NE;30;1986;31;12630;0.022961203;0.379999995;0;0;1;0;13875;35.23400879;0;0;9.537843939
Nebraska;NE;30;1987;31;13091;0.022687342;0.289999992;1;0;1;0;14634;35.41464996;0;0;9.591102867
Nebraska;NE;30;1988;31;13407;0.019467443;0.310000002;1;0;1;0;15511;35.54836273;0;0;9.649304729
Nebraska;NE;30;1989;31;13781;0.021478849;0.319999993;1;0;1;0;16371;35.62091827;0;0;9.703266756
Nebraska;NE;30;1990;31;13958;0.018770598;0.330000013;1;0;1;0;17536;35.68227386;0;0;9.77201119
Nebraska;NE;30;1991;31;14095;0.019510465;0.319999993;1;0;1;0;18012;35.69535446;0;0;9.798793481
Nebraska;NE;30;1992;31;14621;0.018398194;0.330000013;1;0;1;0;19157;35.82565308;0;0;9.860423463
Nebraska;NE;30;1993;31;14777;0.017188875;0.540000022;1;0;1;0;19714;35.90143204;0;1;9.889084322
Nebraska;NE;30;1994;31;15466;0.017522307;0.629999995;1;0;1;0;20365;35.97546387;0;1;9.92157302
Nebraska;NE;30;1995;31;15807;0.016068831;0.639999986;1;1;1;0;21029;36.08698273;0;1;9.953657716
Nebraska;NE;30;1996;31;16238;0.018044094;0.649999976;1;1;1;0;22847;36.17398071;0;1;10.0365751
Nebraska;NE;30;1997;31;17077;0.017684605;0.629999995;1;1;1;0;23618;36.22448349;0;1;10.06976441
New Hampshire;NH;31;1983;33;7181;0.026597967;NA;0;0;0;0;13011;34.50314331;0;0;9.473550433
New Hampshire;NH;31;1984;33;7294;0.026323006;NA;0;0;0;0;14518;34.63434601;0;0;9.583144538
New Hampshire;NH;31;1985;33;7538;0.025338287;NA;0;0;1;0;15842;34.74155808;0;0;9.67041992
New Hampshire;NH;31;1986;33;7913;0.021736383;0.262999982;0;0;1;0;17033;34.74733734;0;0;9.742907918
New Hampshire;NH;31;1987;33;9167;0.019526564;0.273400009;1;0;1;0;18362;34.79731369;0;0;9.818038591
New Hampshire;NH;31;1988;33;9507;0.017460818;0.371600002;1;0;1;0;19733;34.74615479;0;0;9.89004764
New Hampshire;NH;31;1989;33;9819;0.019044709;0.504700005;1;0;1;0;20559;34.73482895;0;0;9.93105408
New Hampshire;NH;31;1990;33;9844;0.016050385;0.517400026;1;0;1;0;20728;34.96724319;0;0;9.939240722
New Hampshire;NH;31;1991;33;9935;0.014494212;0.485999972;1;0;1;0;21390;35.07247925;0;0;9.970678802
New Hampshire;NH;31;1992;33;10067;0.012118804;0.497000009;1;0;1;0;22234;35.24674988;0;0;10.00937793
New Hampshire;NH;31;1993;33;10342;0.011699865;0.505699992;1;0;1;0;22710;35.41042709;0;0;10.03056064
New Hampshire;NH;31;1994;33;10501;0.011332254;0.537000001;1;0;1;1;24119;35.56836319;0;0;10.09075519
New Hampshire;NH;31;1995;33;10643;0.011087099;0.570299983;1;0;1;1;25313;35.77236938;0;0;10.13907338
New Hampshire;NH;31;1996;33;10987;0.012196232;0.560299993;1;0;1;1;26418;35.97537994;0;0;10.18180087
New Hampshire;NH;31;1997;33;11202;0.011158722;0.577000022;1;0;1;1;27766;36.1307869;0;0;10.23156753
New Jersey;NJ;32;1983;34;52217;0.017848594;NA;0;0;1;0;15080;35.9706459;0;0;9.621124642
New Jersey;NJ;32;1984;34;52312;0.017625019;0.180000007;0;0;1;0;16680;36.09489059;0;0;9.721965676
New Jersey;NJ;32;1985;34;53108;0.018151691;0.400000006;0;0;1;0;17807;36.21273804;0;1;9.787346917
New Jersey;NJ;32;1986;34;55350;0.018771455;0.352999985;0;0;1;0;18900;36.28624344;0;1;9.846917201
New Jersey;NJ;32;1987;34;57071;0.017925041;0.350999981;0;0;1;0;20391;36.37606812;0;1;9.922848906
New Jersey;NJ;32;1988;34;58725;0.017896978;0.414000005;0;0;1;0;22302;36.43306351;0;1;10.01243164
New Jersey;NJ;32;1989;34;59898;0.014875288;0.440999985;0;0;1;0;23751;36.48287964;0;1;10.07537991
New Jersey;NJ;32;1990;34;58923;0.015036573;0.504000008;0;0;1;0;24883;36.63530731;0;1;10.12194012
New Jersey;NJ;32;1991;34;59289;0.013206497;0.525999963;0;0;1;0;25328;36.66513443;0;1;10.13966578
New Jersey;NJ;32;1992;34;59410;0.012842956;0.713000059;0;0;1;0;26749;36.75086594;0;1;10.19425237
New Jersey;NJ;32;1993;34;59726;0.013210327;0.64199996;0;0;1;0;27457;36.79402924;0;1;10.22037642
New Jersey;NJ;32;1994;34;60466;0.012585585;0.610000014;0;0;1;0;28333;36.82069778;0;1;10.25178248
New Jersey;NJ;32;1995;34;61012;0.012686029;0.606999993;0;0;1;0;29568;36.8855896;0;1;10.29444797
New Jersey;NJ;32;1996;34;62334;0.013058684;0.602999985;0;0;1;0;30892;36.99505234;0;1;10.33825253
New Jersey;NJ;32;1997;34;63308;0.012241739;0.620000005;0;0;1;0;32356;37.10776901;0;1;10.38455475
New Mexico;NM;33;1983;35;11678;0.045470115;NA;0;0;1;0;10072;31.99305725;0;0;9.217514576
New Mexico;NM;33;1984;35;12432;0.039977476;NA;0;0;1;0;10861;32.15180588;0;0;9.29293367
New Mexico;NM;33;1985;35;13269;0.040319543;NA;0;0;1;0;11592;32.35085297;0;0;9.358070484
New Mexico;NM;33;1986;35;13171;0.037886266;NA;0;0;1;0;11820;32.55931854;1;0;9.377548291
New Mexico;NM;33;1987;35;15116;0.037576079;NA;1;0;1;0;12257;32.77510452;1;0;9.413852481
New Mexico;NM;33;1988;35;15283;0.03186547;NA;1;0;1;0;12865;32.95023346;1;0;9.462265725
New Mexico;NM;33;1989;35;15839;0.033966791;NA;1;0;1;0;13619;33.18146896;1;0;9.519221156
New Mexico;NM;33;1990;35;16148;0.030901659;0.589999974;1;0;1;0;14480;33.48713303;1;0;9.580523666
New Mexico;NM;33;1991;35;16773;0.027961604;0.670000017;1;0;1;0;15069;33.59814453;1;0;9.620394932
New Mexico;NM;33;1992;35;18452;0.024929548;0.660000026;1;0;1;0;15762;33.74028778;1;0;9.665357259
New Mexico;NM;33;1993;35;18945;0.022750067;0.75;1;0;1;0;16559;33.79537582;1;0;9.71468504
New Mexico;NM;33;1994;35;20480;0.021826172;0.790000022;1;0;1;1;17150;33.95294189;1;0;9.749753453
New Mexico;NM;33;1995;35;21147;0.022934696;0.860000014;1;1;1;1;18029;34.13265991;1;0;9.799736852
New Mexico;NM;33;1996;35;21510;0.022547653;0.850000024;1;1;1;1;18634;34.37304688;1;0;9.832743148
New Mexico;NM;33;1997;35;21937;0.022063181;0.870000005;1;1;1;1;19298;34.53826141;1;0;9.867756743
Nevada;NV;34;1983;32;6872;0.036816064;NA;0;0;1;0;13151;33.61051178;0;0;9.48425308
Nevada;NV;34;1984;32;7332;0.033960719;NA;0;0;1;0;14100;33.93558502;0;0;9.553930076
Nevada;NV;34;1985;32;7566;0.034232091;NA;0;0;1;0;14920;34.16250229;0;0;9.610457874
Nevada;NV;34;1986;32;7986;0.029176058;0.207999989;0;0;1;0;15635;34.38750076;0;0;9.65726727
Nevada;NV;34;1987;32;8396;0.031205336;0.344000012;1;0;1;0;16422;34.55043793;0;1;9.706377178
Nevada;NV;34;1988;32;8989;0.031816665;0.314000011;1;0;1;0;17688;34.64849091;0;1;9.780641723
Nevada;NV;34;1989;32;9408;0.032738097;NA;1;0;1;0;19084;34.82478714;0;1;9.856605567
Nevada;NV;34;1990;32;10215;0.033578072;0.379999995;1;0;1;0;20209;34.82133102;0;1;9.913883329
Nevada;NV;34;1991;32;10510;0.028353948;0.638000011;1;0;1;0;20596;35.12126541;0;1;9.932852161
Nevada;NV;34;1992;32;10897;0.023309168;0.633000016;1;0;1;0;21730;35.39176559;0;1;9.986449073
Nevada;NV;34;1993;32;11624;0.022625603;0.699000001;1;0;1;0;22388;35.46873856;0;1;10.01628038
Nevada;NV;34;1994;32;13019;0.02258238;0.706999958;1;0;1;0;23391;35.54737091;0;1;10.06010661
Nevada;NV;34;1995;32;13974;0.02239874;0.709999979;1;1;1;0;24541;35.65464401;0;1;10.10810047
Nevada;NV;34;1996;32;14158;0.024579743;0.700999975;1;1;1;0;25877;35.71118927;0;1;10.16110982
Nevada;NV;34;1997;32;16309;0.021276595;0.700999975;1;1;1;0;26514;35.72541809;0;1;10.18542817
New York;NY;35;1983;36;83783;0.024790231;NA;0;0;0;0;14038;35.73841476;0;0;9.549523217
New York;NY;35;1984;36;87268;0.023605445;0.159999996;0;0;0;0;15615;35.81261063;0;0;9.65598727
New York;NY;35;1985;36;90518;0.022161339;0.514999986;0;0;1;0;16613;35.88108826;1;0;9.7179408
New York;NY;35;1986;36;94716;0.02239326;0.479999989;0;0;1;0;17709;35.95085144;1;0;9.781828264
New York;NY;35;1987;36;98002;0.02386686;0.639999986;0;0;1;0;18871;36.03765869;1;0;9.845381631
New York;NY;35;1988;36;103692;0.02175674;0.589999974;0;0;1;0;20433;36.07807922;1;0;9.92490652
New York;NY;35;1989;36;106059;0.021308893;0.600000024;0;0;1;0;21820;36.1101799;1;0;9.990582259
New York;NY;35;1990;36;106902;0.02073862;0.629999995;0;0;1;0;23106;36.26568604;1;0;10.0478476
New York;NY;35;1991;36;107661;0.018651137;0.670000017;0;0;1;0;23600;36.23966599;1;0;10.06900199
New York;NY;35;1992;36;109881;0.01651787;0.689999998;0;0;1;0;24801;36.30255508;1;0;10.11863925
New York;NY;35;1993;36;112240;0.015947968;0.720000029;0;0;1;0;25373;36.35571289;1;0;10.1414409
New York;NY;35;1994;36;112970;0.014853501;0.720000029;0;0;1;0;26242;36.41601181;1;0;10.17511646
New York;NY;35;1995;36;115091;0.014588456;0.720000029;1;0;1;0;27587;36.52502823;1;0;10.22509993
New York;NY;35;1996;36;118641;0.013418633;0.74000001;1;0;1;0;29015;36.64091492;1;0;10.27556822
New York;NY;35;1997;36;120778;0.013677987;0.74000001;1;0;1;0;30250;36.7865181;1;0;10.31725146
Ohio;OH;36;1983;39;73214;0.021607889;0.129999995;0;0;0;0;11850;34.55674362;0;0;9.380083147
Ohio;OH;36;1984;39;74895;0.021977436;0.150000006;0;0;0;0;13077;34.71690369;0;0;9.478610241
Ohio;OH;36;1985;39;75549;0.021787185;0.189999998;0;0;0;0;13843;34.8936348;0;0;9.535534969
Ohio;OH;36;1986;39;81348;0.020565964;0.49000001;0;0;0;0;14458;35.07521057;0;1;9.579003174
Ohio;OH;36;1987;39;79157;0.022385892;0.409999996;1;0;1;0;15156;35.26473236;0;1;9.626151772
Ohio;OH;36;1988;39;81990;0.021319673;0.389999986;1;0;1;0;16187;35.40692902;0;1;9.69196373
Ohio;OH;36;1989;39;84418;0.020990783;0.430000007;1;0;1;0;17203;35.52404404;0;1;9.752839066
Ohio;OH;36;1990;39;86972;0.018833648;0.465000004;1;0;1;0;18116;35.78138351;0;1;9.804550805
Ohio;OH;36;1991;39;93002;0.01759102;0.529999971;1;0;1;0;18589;35.83455658;0;1;9.830325287
Ohio;OH;36;1992;39;95221;0.015112213;0.579999983;1;0;1;0;19482;35.96465302;0;1;9.877246241
Ohio;OH;36;1993;39;96992;0.01523837;0.616999984;1;0;1;0;20228;36.09630585;0;1;9.914823062
Ohio;OH;36;1994;39;98200;0.01395112;0.620999992;1;0;1;0;21237;36.20414352;0;1;9.963500222
Ohio;OH;36;1995;39;100788;0.01349367;0.627000034;1;0;1;0;22217;36.35730743;0;1;10.00861304
Ohio;OH;36;1996;39;103090;0.013493064;0.624000013;1;0;1;0;23054;36.49837875;0;1;10.04559457
Ohio;OH;36;1997;39;103675;0.013889559;0.65199995;1;0;1;0;24163;36.5847435;0;1;10.09257782
Oklahoma;OK;37;1983;40;29565;0.028682564;NA;0;0;1;0;11517;34.35066986;0;0;9.351579484
Oklahoma;OK;37;1984;40;30981;0.025725445;NA;0;0;1;0;12378;34.44985962;0;0;9.423675982
Oklahoma;OK;37;1985;40;31181;0.023860684;NA;0;0;1;0;12894;34.57436371;0;0;9.464517366
Oklahoma;OK;37;1986;40;30833;0.022638083;0.160999999;0;0;1;0;12918;34.76660538;0;0;9.466376967
Oklahoma;OK;37;1987;40;31606;0.018888818;0.351500005;1;0;1;0;13068;34.95861816;0;1;9.477921773
Oklahoma;OK;37;1988;40;32388;0.019698653;0.319999993;1;0;1;0;13833;35.21892548;0;1;9.534812321
Oklahoma;OK;37;1989;40;32836;0.019734439;0.305000007;1;0;1;0;14691;35.50052261;0;1;9.59499034
Oklahoma;OK;37;1990;40;33081;0.019376682;0.335999996;1;0;1;0;15613;35.69559097;0;1;9.65585918
Oklahoma;OK;37;1991;40;34240;0.019042056;0.370000005;1;0;1;0;16100;35.74193573;0;1;9.686574551
Oklahoma;OK;37;1992;40;35119;0.017454939;0.442000002;1;0;1;0;16832;35.83285141;0;1;9.731037116
Oklahoma;OK;37;1993;40;35529;0.018885981;0.465999991;1;0;1;0;17419;35.91765594;0;1;9.765316843
Oklahoma;OK;37;1994;40;36980;0.018577609;0.449999988;1;0;1;0;17984;36.00317383;0;1;9.797237753
Oklahoma;OK;37;1995;40;38489;0.01738159;0.464000017;1;1;1;0;18544;36.1152916;0;1;9.827901566
Oklahoma;OK;37;1996;40;39427;0.019580491;0.474999994;1;1;1;0;19342;36.25350571;0;1;9.870034176
Oklahoma;OK;37;1997;40;41400;0.020241546;0.474000007;1;1;1;0;20305;36.35048676;0;1;9.91862244
Oregon;OR;38;1983;41;20557;0.026754877;NA;0;0;1;1;11451;34.81084824;0;0;9.345832341
Oregon;OR;38;1984;41;20943;0.027312229;NA;0;0;1;1;12409;35.05971909;0;0;9.426177295
Oregon;OR;38;1985;41;21458;0.02605089;NA;0;0;1;1;13065;35.29336166;0;0;9.477692178
Oregon;OR;38;1986;41;22741;0.02721956;NA;0;0;1;1;13657;35.54236984;0;0;9.52200749
Oregon;OR;38;1987;41;23332;0.026530087;NA;1;0;1;1;14282;35.80246735;0;0;9.566755282
Oregon;OR;38;1988;41;25204;0.026860816;0.469999999;1;0;1;1;15313;36.00640869;1;0;9.63645742
Oregon;OR;38;1989;41;25820;0.024244772;0.479999989;1;0;1;1;16387;36.11449051;0;0;9.704243617
Oregon;OR;38;1990;41;26738;0.021654574;0.5;1;0;1;1;17423;35.9910965;0;0;9.765546451
Oregon;OR;38;1991;41;25762;0.018709727;0.699999988;1;0;1;1;17895;36.12591171;1;0;9.792276623
Oregon;OR;38;1992;41;27926;0.016866002;0.75;1;0;1;1;18678;36.27373123;1;0;9.83510164
Oregon;OR;38;1993;41;28352;0.018446671;0.800000012;1;0;1;1;19518;36.45624161;1;0;9.879092396
Oregon;OR;38;1994;41;29453;0.016772484;0.810000002;1;0;1;1;20508;36.57106781;1;0;9.928570333
Oregon;OR;38;1995;41;30034;0.019111674;0.829999983;1;0;1;1;21618;36.69959641;1;0;9.98128158
Oregon;OR;38;1996;41;30319;0.017348858;0.829999983;1;0;1;1;22894;36.85195541;1;0;10.03863015
Oregon;OR;38;1997;41;32268;0.016238999;0.850000024;1;0;1;1;23920;36.93308258;1;0;10.08247021
Pennsylvania;PA;39;1983;42;72302;0.023802938;NA;0;0;1;0;12199;36.46725845;0;0;9.40910926
Pennsylvania;PA;39;1984;42;74297;0.023244545;NA;0;0;1;0;13200;36.64322662;0;0;9.487972109
Pennsylvania;PA;39;1985;42;75428;0.023479344;NA;0;0;1;0;14104;36.82593918;0;0;9.554213724
Pennsylvania;PA;39;1986;42;77636;0.024395898;NA;0;0;1;0;14845;36.94430542;0;0;9.605418387
Pennsylvania;PA;39;1987;42;78626;0.025271539;NA;0;0;1;0;15765;37.09252548;0;0;9.665547572
Pennsylvania;PA;39;1988;42;81238;0.023769664;NA;0;0;1;0;16927;37.20209503;0;1;9.736665259
Pennsylvania;PA;39;1989;42;83855;0.022383876;0.495000005;0;0;1;0;18264;37.30454636;0;1;9.812687188
Pennsylvania;PA;39;1990;42;85708;0.019204741;0.530999959;0;0;1;0;19371;37.40252686;0;1;9.871532381
Pennsylvania;PA;39;1991;42;87282;0.019030269;0.604000032;0;0;1;0;19975;37.44605637;0;1;9.902236771
Pennsylvania;PA;39;1992;42;89200;0.017320627;0.629999995;0;0;1;0;20950;37.55550385;0;1;9.949893925
Pennsylvania;PA;39;1993;42;90706;0.016856657;0.675000012;0;0;1;0;21635;37.65277481;0;1;9.982067653
Pennsylvania;PA;39;1994;42;92347;0.015604189;0.709999979;0;0;1;0;22343;37.75250244;0;1;10.01426835
Pennsylvania;PA;39;1995;42;94520;0.015658062;0.709999979;1;0;1;0;23268;37.89828873;0;1;10.05483431
Pennsylvania;PA;39;1996;42;96646;0.015199801;0.649999976;1;0;1;0;24533;38.07518387;0;1;10.10777443
Pennsylvania;PA;39;1997;42;98015;0.015885323;0.646999955;1;0;1;0;25670;38.19384766;0;1;10.15307827
Rhode Island;RI;40;1983;44;6014;0.016627869;NA;0;0;0;0;12293;36.44820023;0;0;9.416785274
Rhode Island;RI;40;1984;44;5300;0.01490566;NA;0;0;1;0;13540;36.5831871;0;0;9.513403546
Rhode Island;RI;40;1985;44;5823;0.018718874;NA;0;0;1;0;14403;36.65830612;0;0;9.575191797
Rhode Island;RI;40;1986;44;5429;0.022840302;NA;0;0;1;0;15331;36.71141052;0;0;9.637632201
Rhode Island;RI;40;1987;44;6003;0.018823922;NA;0;0;1;0;16412;36.73763275;0;0;9.705768054
Rhode Island;RI;40;1988;44;5853;0.02135657;NA;0;0;1;0;17900;36.77792358;0;0;9.792555992
Rhode Island;RI;40;1989;44;6740;0.014836796;NA;0;0;1;0;19184;36.83856583;0;0;9.861831877
Rhode Island;RI;40;1990;44;7024;0.011958998;0.289999992;0;0;1;0;19698;36.97349167;0;0;9.888272387
Rhode Island;RI;40;1991;44;7152;0.01230425;0.280000001;0;0;1;0;19982;36.97094345;0;0;9.902587147
Rhode Island;RI;40;1992;44;7676;0.010291819;0.319999993;0;0;1;0;20819;37.09748077;0;1;9.94362131
Rhode Island;RI;40;1993;44;7227;0.01023938;0.319999993;0;0;1;0;21735;37.14617538;0;1;9.986679143
Rhode Island;RI;40;1994;44;7095;0.008879493;0.579999983;0;0;1;0;22315;37.28884125;0;1;10.01301438
Rhode Island;RI;40;1995;44;6896;0.0100058;0.579999983;1;0;1;0;23520;37.45344543;0;1;10.0656064
Rhode Island;RI;40;1996;44;7120;0.009691011;0.579999983;1;0;1;0;24356;37.66213226;0;1;10.1005335
Rhode Island;RI;40;1997;44;7071;0.010606703;0.579999983;1;0;1;0;25667;37.73575592;0;1;10.1529614
South Carolina;SC;41;1983;45;24977;0.033791088;NA;0;0;0;0;9517;32.9519043;0;0;9.160834952
South Carolina;SC;41;1984;45;25971;0.03527011;NA;0;0;0;0;10518;33.17355728;0;0;9.260843354
South Carolina;SC;41;1985;45;26677;0.035648685;0.128000006;0;0;0;0;11206;33.42840958;0;0;9.324204628
South Carolina;SC;41;1986;45;28250;0.037486725;NA;0;0;1;0;11774;33.60271835;0;0;9.37364899
South Carolina;SC;41;1987;45;30224;0.03593171;NA;1;0;1;0;12522;33.84249115;0;0;9.435242376
South Carolina;SC;41;1988;45;31759;0.032463238;NA;1;0;1;0;13468;34.04273224;0;0;9.50807178
South Carolina;SC;41;1989;45;32780;0.03038438;NA;1;0;1;0;14180;34.21725464;0;0;9.5595878
South Carolina;SC;41;1990;45;34376;0.028479172;0.49000001;1;0;1;0;15427;34.60175323;0;1;9.6438745
South Carolina;SC;41;1991;45;34456;0.025830044;0.495000005;1;0;1;0;15710;34.72510529;0;1;9.662052731
South Carolina;SC;41;1992;45;35049;0.023024907;0.540000022;1;0;1;0;16410;34.94806671;0;1;9.705646184
South Carolina;SC;41;1993;45;36125;0.023418685;0.587000012;1;0;1;0;17091;35.17385101;0;1;9.746307288
South Carolina;SC;41;1994;45;37245;0.022741308;0.639999986;1;0;1;0;17914;35.38048553;0;1;9.793337809
South Carolina;SC;41;1995;45;38724;0.022750748;0.639999986;1;0;1;0;18789;35.64163589;0;1;9.841026871
South Carolina;SC;41;1996;45;39756;0.023392696;0.610000014;1;0;1;0;19651;35.86225128;0;1;9.885883507
South Carolina;SC;41;1997;45;41333;0.02184695;0.610000014;1;0;1;0;20508;36.06740189;0;1;9.928570333
South Dakota;SD;42;1983;46;6317;0.027703024;NA;0;0;0;0;9782;34.54646683;0;0;9.188299241
South Dakota;SD;42;1984;46;6401;0.022340259;NA;0;0;0;0;11117;34.63225555;0;0;9.316230747
South Dakota;SD;42;1985;46;6277;0.02071053;NA;0;0;0;0;11440;34.74251938;0;0;9.344871265
South Dakota;SD;42;1986;46;6238;0.021481244;NA;0;0;0;0;12012;34.88389206;0;0;9.393661429
South Dakota;SD;42;1987;46;6209;0.021581575;NA;1;0;1;0;12683;35.06383514;0;0;9.448017793
South Dakota;SD;42;1988;46;6634;0.022158576;NA;1;0;1;0;13183;35.2175293;0;0;9.4866834
South Dakota;SD;42;1989;46;6704;0.022673031;0.259999991;1;0;1;0;14038;35.35496902;0;0;9.549523217
South Dakota;SD;42;1990;46;6989;0.021891544;0.259999991;1;0;1;0;15488;35.47572327;0;0;9.64782081
South Dakota;SD;42;1991;46;6711;0.021308299;0.330000013;1;0;1;0;16014;35.4912529;0;0;9.681218619
South Dakota;SD;42;1992;46;7218;0.022305347;0.419999987;1;0;1;0;17055;35.45701599;0;0;9.744198695
South Dakota;SD;42;1993;46;7413;0.018885741;0.259999991;1;0;1;0;17600;35.54105377;0;0;9.775654181
South Dakota;SD;42;1994;46;7631;0.020180842;0.400000006;1;0;1;0;18568;35.67390823;0;0;9.829194948
South Dakota;SD;42;1995;46;7669;0.020602426;0.400000006;1;1;1;0;18724;35.82715225;0;1;9.837561402
South Dakota;SD;42;1996;46;7817;0.022387104;0.469999999;1;1;1;0;20450;36.04701996;0;1;9.925738161
South Dakota;SD;42;1997;46;7938;0.018644495;0.589999974;1;1;1;0;21076;36.14574814;0;1;9.955890231
Tennessee;TN;43;1983;47;36261;0.028598219;NA;0;0;0;0;10005;34.6253891;0;0;9.210840247
Tennessee;TN;43;1984;47;36523;0.029981108;NA;0;0;1;0;11123;34.8205986;0;0;9.316770316
Tennessee;TN;43;1985;47;36258;0.030365713;NA;0;0;1;0;11872;35.03939056;0;0;9.381937965
Tennessee;TN;43;1986;47;39521;0.031122694;NA;0;0;1;0;12624;35.22371292;0;1;9.443355043
Tennessee;TN;43;1987;47;42126;0.029601671;NA;1;0;1;0;13483;35.41707611;0;1;9.509184912
Tennessee;TN;43;1988;47;44193;0.028647071;NA;1;0;1;0;14482;35.51794052;0;1;9.580661778
Tennessee;TN;43;1989;47;45639;0.02383926;NA;1;0;1;0;15438;35.65180588;0;1;9.644587282
Tennessee;TN;43;1990;47;46710;0.025198031;0.430000007;1;0;1;0;16309;35.85264587;0;1;9.699472382
Tennessee;TN;43;1991;47;47267;0.023547083;0.509999991;1;0;1;0;16976;35.93280792;0;1;9.739555861
Tennessee;TN;43;1992;47;49994;0.023062768;0.579999983;1;0;1;0;18256;36.03310394;0;1;9.812249072
Tennessee;TN;43;1993;47;52112;0.022451643;0.583700001;1;0;1;0;19139;36.10372925;0;1;9.859483417
Tennessee;TN;43;1994;47;54524;0.022265425;0.600899994;1;0;1;0;20088;36.17985535;0;1;9.907877901
Tennessee;TN;43;1995;47;56214;0.022396555;0.641900003;1;0;1;0;21109;36.29959106;0;1;9.957454769
Tennessee;TN;43;1996;47;58435;0.021203047;0.633100033;1;0;1;0;21800;36.45207977;0;1;9.989665249
Tennessee;TN;43;1997;47;60526;0.020239236;0.606700003;1;0;1;0;22699;36.596241;0;1;10.03007615
Texas;TX;44;1983;48;131883;0.028987816;NA;0;0;0;0;12206;32.34232712;0;0;9.409682913
Texas;TX;44;1984;48;137737;0.028401954;NA;0;0;0;0;13227;32.41722488;0;0;9.490015474
Texas;TX;44;1985;48;143263;0.025673064;NA;0;0;1;0;13980;32.48801041;0;0;9.545383016
Texas;TX;44;1986;48;148348;0.024044814;NA;0;0;1;0;13972;32.54019165;1;0;9.544810606
Texas;TX;44;1987;48;151186;0.021562843;NA;1;0;1;0;14267;32.67171478;1;0;9.565704457
Texas;TX;44;1988;48;156458;0.02167994;NA;1;0;1;0;15118;32.81078339;1;0;9.623641366
Texas;TX;44;1989;48;159512;0.021126937;NA;1;0;1;0;16110;33.02727509;1;0;9.687195476
Texas;TX;44;1990;48;162232;0.020033039;0.680000007;1;0;1;0;17290;33.23519135;1;0;9.757883579
Texas;TX;44;1991;48;158756;0.019388244;0.680000007;1;0;1;0;17985;33.33799362;1;0;9.797293356
Texas;TX;44;1992;48;163329;0.018729068;0.689999998;1;0;1;0;18886;33.46712112;1;0;9.846176186
Texas;TX;44;1993;48;167611;0.018155133;0.689999998;1;0;1;0;19606;33.55478668;1;0;9.883590921
Texas;TX;44;1994;48;178348;0.017869558;0.709999979;1;0;1;0;20312;33.63592911;1;0;9.918967123
Texas;TX;44;1995;48;181096;0.017576313;0.720000029;1;1;1;0;21320;33.75754547;1;0;9.967400878
Texas;TX;44;1996;48;185386;0.020184912;0.74000001;1;1;1;0;22345;33.84126663;1;0;10.01435786
Texas;TX;44;1997;48;198700;0.017679919;0.75;1;1;1;0;23707;33.95248032;1;0;10.07352564
Utah;UT;45;1983;49;11221;0.025220569;NA;0;0;1;1;9582;28.55427742;0;0;9.167641617
Utah;UT;45;1984;49;11661;0.027013121;NA;0;0;1;1;10429;28.73571968;0;0;9.252345666
Utah;UT;45;1985;49;12037;0.025172385;NA;0;0;1;1;11017;28.91510963;0;0;9.307194813
Utah;UT;45;1986;49;12100;0.02586777;NA;0;0;1;1;11380;29.12306786;0;1;9.339612708
Utah;UT;45;1987;49;12679;0.02342456;NA;1;0;1;1;11862;29.27321625;0;1;9.381095292
Utah;UT;45;1988;49;13263;0.022393124;NA;1;0;1;1;12450;29.50710869;0;1;9.429475902
Utah;UT;45;1989;49;13915;0.021775063;NA;1;0;1;1;13238;29.74526215;0;1;9.490846761
Utah;UT;45;1990;49;14646;0.018571625;0.389999986;1;0;1;1;14214;30.12414932;0;1;9.561982673
Utah;UT;45;1991;49;15391;0.017607693;0.449999988;1;0;1;1;14855;30.24854088;0;1;9.606091788
Utah;UT;45;1992;49;16307;0.016495984;0.5;1;0;1;1;15561;30.4318409;0;1;9.652523063
Utah;UT;45;1993;49;17056;0.01776501;0.5;1;0;1;1;16359;30.53959084;0;1;9.702533484
Utah;UT;45;1994;49;18078;0.018973338;0.529999971;1;0;1;1;17004;30.74268913;0;1;9.741203889
Utah;UT;45;1995;49;18781;0.017304722;0.560000002;1;1;1;1;18054;30.89189529;0;1;9.801122546
Utah;UT;45;1996;49;19539;0.016428681;0.600000024;1;1;1;1;19214;30.95533752;0;1;9.863394459
Utah;UT;45;1997;49;20444;0.017902562;0.629999995;1;1;1;1;20185;30.99706459;0;1;9.912695033
Virginia;VA;46;1983;51;42299;0.021300741;NA;0;0;0;0;12589;33.88288116;0;0;9.440578696
Virginia;VA;46;1984;51;44527;0.022750242;NA;0;0;0;0;13926;34.06587601;0;0;9.541512876
Virginia;VA;46;1985;51;47928;0.020363879;0.275000006;0;0;0;0;14906;34.21823883;0;0;9.609519095
Virginia;VA;46;1986;51;51726;0.02176855;0.347000003;0;0;1;0;15837;34.31181335;0;0;9.670104253
Virginia;VA;46;1987;51;54834;0.018619834;0.324999988;0;0;1;0;16884;34.39147568;0;0;9.734121707
Virginia;VA;46;1988;51;57453;0.018658729;0.630999982;1;0;1;0;18064;34.49995804;0;1;9.801676286
Virginia;VA;46;1989;51;59337;0.016920302;0.52700001;1;0;1;0;19244;34.5945816;0;1;9.864954603
Virginia;VA;46;1990;51;60178;0.017930141;0.54400003;1;0;1;0;20021;34.87753296;0;1;9.904537002
Virginia;VA;46;1991;51;61099;0.015515802;0.575999975;1;0;1;0;20498;34.98414993;0;1;9.928082599
Virginia;VA;46;1992;51;63447;0.013223635;0.715999961;1;0;1;0;21280;35.15878677;0;1;9.965522943
Virginia;VA;46;1993;51;64171;0.013697776;0.731999993;1;0;1;0;22133;35.33334351;0;1;10.00482499
Virginia;VA;46;1994;51;67609;0.013755566;0.718000054;1;0;1;1;23031;35.49961472;0;1;10.04459641
Virginia;VA;46;1995;51;69811;0.012891951;0.701999962;1;0;1;1;23943;35.66931152;0;1;10.08343128
Virginia;VA;46;1996;51;71302;0.012299796;0.69599998;1;0;1;1;24950;35.85574722;0;1;10.1246291
Virginia;VA;46;1997;51;70320;0.013993174;0.671000004;1;0;1;1;26109;35.99414825;0;1;10.17003536
Vermont;VT;47;1983;50;4151;0.022645146;NA;0;0;0;0;10813;34.1230011;0;0;9.288504393
Vermont;VT;47;1984;50;4403;0.025891438;NA;0;0;0;0;11857;34.24621201;0;0;9.380673689
Vermont;VT;47;1985;50;4688;0.024530716;0.181000009;0;0;0;0;12800;34.40294266;0;0;9.45720045
Vermont;VT;47;1986;50;4778;0.022812892;0.217999995;0;0;1;0;13675;34.5319519;0;0;9.523324627
Vermont;VT;47;1987;50;5039;0.023615796;NA;1;0;1;0;14750;34.66226196;0;0;9.598998362
Vermont;VT;47;1988;50;5553;0.023230687;0.302000016;1;0;1;0;15948;34.79411697;0;0;9.677088709
Vermont;VT;47;1989;50;5765;0.020121422;0.35799998;1;0;1;0;17215;34.91524124;0;0;9.753536376
Vermont;VT;47;1990;50;5838;0.015416239;0.393000007;1;0;1;1;17677;35.02246475;0;0;9.780019639
Vermont;VT;47;1991;50;5870;0.018739352;0.414999992;1;0;1;1;17899;35.1350441;0;0;9.792500124
Vermont;VT;47;1992;50;6019;0.015949493;0.465999991;1;0;1;1;18883;35.37164307;0;0;9.846017325
Vermont;VT;47;1993;50;5976;0.018406961;0.537999988;1;0;1;1;19392;35.59476852;0;0;9.872615889
Vermont;VT;47;1994;50;6152;0.012516255;0.675999999;1;0;1;1;20196;35.81753922;0;1;9.913239844
Vermont;VT;47;1995;50;6206;0.017080246;0.671999991;1;0;1;1;21246;36.10445786;0;1;9.963923921
Vermont;VT;47;1996;50;6377;0.013799592;0.689999998;1;0;1;1;22179;36.43804932;0;1;10.00690117
Vermont;VT;47;1997;50;6466;0.014846891;0.708999991;1;0;1;1;23017;36.76795959;0;1;10.04398835
Washington;WA;48;1983;53;36144;0.019311642;NA;0;0;1;0;12925;34.06853867;0;0;9.466918699
Washington;WA;48;1984;53;34248;0.021782294;NA;0;0;1;0;13745;34.26583481;0;0;9.528430401
Washington;WA;48;1985;53;34375;0.021643637;NA;0;0;1;0;14432;34.38945389;0;0;9.577203242
Washington;WA;48;1986;53;35993;0.019531576;0.360000014;0;0;1;0;15243;34.54888153;0;0;9.63187566
Washington;WA;48;1987;53;38520;0.020249222;0.514999986;1;0;1;0;15939;34.68305588;0;1;9.676524215
Washington;WA;48;1988;53;41813;0.018606653;0.529999971;1;0;1;0;16884;34.78147125;0;1;9.734121707
Washington;WA;48;1989;53;43233;0.018064905;0.550000012;1;0;1;0;18211;34.85494614;0;1;9.809781086
Washington;WA;48;1990;53;44695;0.018458441;0.550000012;1;0;1;0;19605;34.81503677;0;1;9.883539915
Washington;WA;48;1991;53;46449;0.014682771;0.675000012;1;0;1;0;20401;34.92193985;0;1;9.923339198
Washington;WA;48;1992;53;49386;0.013181874;0.675000012;1;0;1;0;21436;35.03585052;0;1;9.972827031
Washington;WA;48;1993;53;46135;0.014327517;0.709999979;1;0;1;0;22024;35.18123627;0;1;9.999888047
Washington;WA;48;1994;53;47428;0.013494139;0.764999986;1;0;1;0;22687;35.32674789;0;1;10.02954735
Washington;WA;48;1995;53;49250;0.013258883;0.800000012;1;1;1;0;23677;35.48202896;0;1;10.07225939
Washington;WA;48;1996;53;49405;0.014411497;0.839999974;1;1;1;0;24958;35.61769867;0;1;10.12494969
Washington;WA;48;1997;53;51044;0.013204294;0.819999993;1;1;1;0;26451;35.7070694;0;1;10.18304924
Wisconsin;WI;49;1983;55;34106;0.021257257;NA;0;0;0;0;11796;34.60904694;0;0;9.37551577
Wisconsin;WI;49;1984;55;35367;0.023242006;NA;0;0;0;0;12941;34.76298141;0;0;9.468155845
Wisconsin;WI;49;1985;55;36679;0.020284087;NA;0;0;0;0;13586;34.90692139;0;0;9.51679513
Wisconsin;WI;49;1986;55;38428;0.01943895;NA;0;0;1;0;14285;35.03377151;0;0;9.566965315
Wisconsin;WI;49;1987;55;40196;0.019827843;0.262999982;1;0;1;0;15017;35.18515396;0;0;9.616938172
Wisconsin;WI;49;1988;55;42458;0.019007018;0.559000015;1;0;1;0;15806;35.30464172;0;1;9.668144894
Wisconsin;WI;49;1989;55;43086;0.018962076;NA;1;0;1;0;16827;35.39264297;0;1;9.730740018
Wisconsin;WI;49;1990;55;44277;0.017367933;0.519999981;1;0;1;0;17692;35.45774078;0;1;9.780867839
Wisconsin;WI;49;1991;55;45458;0.017532667;0.579999983;1;0;1;0;18237;35.54236603;0;1;9.811207776
Wisconsin;WI;49;1992;55;47628;0.013689427;0.589999974;1;0;1;0;19331;35.68453598;0;1;9.869465304
Wisconsin;WI;49;1993;55;49167;0.014521935;0.639999986;1;0;1;0;20009;35.83947754;0;1;9.903937451
Wisconsin;WI;49;1994;55;50273;0.014162672;0.639999986;1;0;1;0;21012;35.94728851;0;1;9.952848982
Wisconsin;WI;49;1995;55;51396;0.014495292;0.639999986;1;0;1;0;21960;36.11486435;0;1;9.996977896
Wisconsin;WI;49;1996;55;52782;0.014417794;0.610000014;1;0;1;0;22987;36.27373886;0;1;10.04268412
Wisconsin;WI;49;1997;55;54404;0.013326226;0.620000005;1;0;1;0;24048;36.37247086;0;1;10.08780711
West Virginia;WV;50;1983;54;11696;0.036337208;NA;0;0;0;0;9417;35.21595001;0;0;9.150271846
West Virginia;WV;50;1984;54;12671;0.034567121;NA;0;0;0;0;10158;35.48919678;0;0;9.226016851
West Virginia;WV;50;1985;54;12664;0.033164877;NA;0;0;0;0;10643;35.80871582;0;0;9.272657678
West Virginia;WV;50;1986;54;13181;0.033381384;NA;0;0;1;0;11169;36.09379959;0;0;9.320897363
West Virginia;WV;50;1987;54;13742;0.034274489;NA;1;0;1;0;11632;36.43614578;0;0;9.3615152
West Virginia;WV;50;1988;54;13884;0.033131663;NA;1;0;1;0;12399;36.76451111;0;0;9.425371103
West Virginia;WV;50;1989;54;14940;0.031325303;NA;1;0;1;0;13149;37.09120941;0;0;9.484100989
West Virginia;WV;50;1990;54;15418;0.031197302;0.430000007;1;0;1;0;14176;37.28147507;0;0;9.559305673
West Virginia;WV;50;1991;54;16026;0.025833022;0.430000007;1;0;1;0;14815;37.37654877;0;0;9.60339546
West Virginia;WV;50;1992;54;16478;0.025488529;0.330000013;1;0;1;0;15679;37.53059006;0;0;9.660077516
West Virginia;WV;50;1993;54;16778;0.025569199;0.550000012;1;0;1;0;16306;37.67301178;0;1;9.699288417
West Virginia;WV;50;1994;54;17112;0.020804115;0.579999983;1;0;1;0;16948;37.83152008;0;1;9.737905112
West Virginia;WV;50;1995;54;17421;0.021640549;0.579999983;1;0;1;0;17441;37.97182083;0;1;9.766579035
West Virginia;WV;50;1996;54;17693;0.019668795;0.579999983;1;0;1;0;18116;38.2092247;0;1;9.804550805
West Virginia;WV;50;1997;54;18324;0.020792404;0.579999983;1;0;1;0;18724;38.43574524;0;1;9.837561402
Wyoming;WY;51;1983;56;5059;0.034196481;NA;0;0;0;0;12352;31.14063644;0;0;9.421573272
Wyoming;WY;51;1984;56;5127;0.030622196;NA;0;0;0;0;12983;31.43331909;0;0;9.471396088
Wyoming;WY;51;1985;56;5401;0.028142937;NA;0;0;0;0;13669;31.7466507;0;0;9.522885774
Wyoming;WY;51;1986;56;5373;0.031267449;NA;0;0;0;0;13455;32.00455475;0;0;9.507106063
Wyoming;WY;51;1987;56;5349;0.024116658;NA;1;0;0;0;13582;32.39461899;0;0;9.516500666
Wyoming;WY;51;1988;56;5658;0.027394839;NA;1;0;1;0;14317;32.88244247;0;0;9.569202921
Wyoming;WY;51;1989;56;5750;0.022086956;NA;1;0;1;0;15535;33.30503464;0;1;9.650850822
Wyoming;WY;51;1990;56;5833;0.021429796;0.259999991;1;0;1;0;17174;33.54692078;0;1;9.751151891
Wyoming;WY;51;1991;56;5998;0.020340113;0.660000026;1;0;1;0;18348;33.71205902;0;1;9.817275856
Wyoming;WY;51;1992;56;6217;0.018980216;0.660000026;1;0;1;0;18704;33.96466827;0;1;9.836492684
Wyoming;WY;51;1993;56;6770;0.017725259;0.670000017;1;0;1;0;19535;34.21438217;0;1;9.879963007
Wyoming;WY;51;1994;56;6689;0.021527881;0.699999988;1;0;1;0;19865;34.45578003;0;1;9.896714668
Wyoming;WY;51;1995;56;7044;0.024134016;0.709999979;1;1;1;0;20685;34.76661301;0;1;9.937164079
Wyoming;WY;51;1996;56;7360;0.019429348;0.720000029;1;1;1;0;21524;35.07434845;0;1;9.976923871
Wyoming;WY;51;1997;56;7576;0.018083422;0.75;1;1;1;0;22596;35.38646317;0;1;10.02552818
